260217 201846.626|CONFIG|Thread-13|log|Now logging to /home/shahd/eclipse-workspace/wti1/logs directory.
260217 201846.626|INFO|Thread-13|log|
260217 201846.627|INFO|Thread-13|log|Version 9.10.0 () Java ver 11.0.30 build 7065 Linux 6.8.0-90-generic (amd64) 
260217 201846.627|INFO|Thread-13|log|Login: team1 (aka team1)
260217 201846.627|INFO|Thread-13|log|Working directory is /home/shahd/eclipse-workspace/wti1
260217 201846.628|INFO|Thread-13|log|Process id is 65688@shahoda
260217 201846.628|INFO|Thread-13|log| handlePacket original LOGIN_SUCCESS after -- all settings loaded 
260217 201846.629|INFO|Thread-13|log|handlePacket end Packet[LOGIN_SUCCESS] #8 SERVER0 @ site 1 -> TEAM1 @ site 1
260217 201846.629|INFO|Thread-13|log| receiveObject(S) end   got Packet[LOGIN_SUCCESS] #8 SERVER0 @ site 1 -> TEAM1 @ site 1
260217 201846.912|INFO|qtp1130478920-22|log|Sending packet to server Packet[LOGOUT] #2 TEAM1 @ site 1 -> SERVER0 @ site 1
260217 201846.914|INFO|qtp1130478920-22|log|Sent    packet to server Packet[LOGOUT] #2 TEAM1 @ site 1 -> SERVER0 @ site 1
260217 204447.021|CONFIG|Thread-15|log|Now logging to /home/shahd/eclipse-workspace/wti1/logs directory.
260217 204447.021|INFO|Thread-15|log|
260217 204447.022|INFO|Thread-15|log|Version 9.10.0 () Java ver 11.0.30 build 7065 Linux 6.8.0-90-generic (amd64) 
260217 204447.022|INFO|Thread-15|log|Login: team1 (aka team1)
260217 204447.022|INFO|Thread-15|log|Working directory is /home/shahd/eclipse-workspace/wti1
260217 204447.023|INFO|Thread-15|log|Process id is 69202@shahoda
260217 204447.023|INFO|Thread-15|log| handlePacket original LOGIN_SUCCESS after -- all settings loaded 
260217 204447.024|INFO|Thread-15|log|handlePacket end Packet[LOGIN_SUCCESS] #21 SERVER0 @ site 1 -> TEAM1 @ site 1
260217 204447.024|INFO|Thread-15|log| receiveObject(S) end   got Packet[LOGIN_SUCCESS] #21 SERVER0 @ site 1 -> TEAM1 @ site 1
260217 204447.283|INFO|qtp1130478920-18|log|Sending packet to server Packet[LOGOUT] #2 TEAM1 @ site 1 -> SERVER0 @ site 1
260217 204447.284|INFO|qtp1130478920-18|log|Sent    packet to server Packet[LOGOUT] #2 TEAM1 @ site 1 -> SERVER0 @ site 1
260217 210213.728|CONFIG|Thread-13|log|Now logging to /home/shahd/eclipse-workspace/wti1/logs directory.
260217 210213.729|INFO|Thread-13|log|
260217 210213.729|INFO|Thread-13|log|Version 9.10.0 () Java ver 11.0.30 build 7065 Linux 6.8.0-90-generic (amd64) 
260217 210213.729|INFO|Thread-13|log|Login: team1 (aka team1)
260217 210213.730|INFO|Thread-13|log|Working directory is /home/shahd/eclipse-workspace/wti1
260217 210213.730|INFO|Thread-13|log|Process id is 71985@shahoda
260217 210213.731|INFO|Thread-13|log| handlePacket original LOGIN_SUCCESS after -- all settings loaded 
260217 210213.731|INFO|Thread-13|log|handlePacket end Packet[LOGIN_SUCCESS] #26 SERVER0 @ site 1 -> TEAM1 @ site 1
260217 210213.731|INFO|Thread-13|log| receiveObject(S) end   got Packet[LOGIN_SUCCESS] #26 SERVER0 @ site 1 -> TEAM1 @ site 1
260217 210214.006|INFO|qtp1130478920-23|log|Sending packet to server Packet[LOGOUT] #2 TEAM1 @ site 1 -> SERVER0 @ site 1
260217 210214.007|INFO|qtp1130478920-23|log|Sent    packet to server Packet[LOGOUT] #2 TEAM1 @ site 1 -> SERVER0 @ site 1
260217 214042.904|CONFIG|Thread-13|log|Now logging to /home/shahd/eclipse-workspace/wti1/logs directory.
260217 214042.904|INFO|Thread-13|log|
260217 214042.905|INFO|Thread-13|log|Version 9.10.0 () Java ver 11.0.30 build 7065 Linux 6.8.0-90-generic (amd64) 
260217 214042.905|INFO|Thread-13|log|Login: team1 (aka team1)
260217 214042.905|INFO|Thread-13|log|Working directory is /home/shahd/eclipse-workspace/wti1
260217 214042.906|INFO|Thread-13|log|Process id is 75761@shahoda
260217 214042.906|INFO|Thread-13|log| handlePacket original LOGIN_SUCCESS after -- all settings loaded 
260217 214042.907|INFO|Thread-13|log|handlePacket end Packet[LOGIN_SUCCESS] #43 SERVER0 @ site 1 -> TEAM1 @ site 1
260217 214042.907|INFO|Thread-13|log| receiveObject(S) end   got Packet[LOGIN_SUCCESS] #43 SERVER0 @ site 1 -> TEAM1 @ site 1
260217 214043.242|INFO|qtp1130478920-15|log|Sending packet to server Packet[LOGOUT] #2 TEAM1 @ site 1 -> SERVER0 @ site 1
260217 214043.244|INFO|qtp1130478920-15|log|Sent    packet to server Packet[LOGOUT] #2 TEAM1 @ site 1 -> SERVER0 @ site 1
260217 220840.818|CONFIG|Thread-13|log|Now logging to /home/shahd/eclipse-workspace/wti1/logs directory.
260217 220840.819|INFO|Thread-13|log|
260217 220840.819|INFO|Thread-13|log|Version 9.10.0 () Java ver 11.0.30 build 7065 Linux 6.8.0-90-generic (amd64) 
260217 220840.819|INFO|Thread-13|log|Login: team1 (aka team1)
260217 220840.819|INFO|Thread-13|log|Working directory is /home/shahd/eclipse-workspace/wti1
260217 220840.820|INFO|Thread-13|log|Process id is 80651@shahoda
260217 220840.820|INFO|Thread-13|log| handlePacket original LOGIN_SUCCESS after -- all settings loaded 
260217 220840.821|INFO|Thread-13|log|handlePacket end Packet[LOGIN_SUCCESS] #4 SERVER0 @ site 1 -> TEAM1 @ site 1
260217 220840.821|INFO|Thread-13|log| receiveObject(S) end   got Packet[LOGIN_SUCCESS] #4 SERVER0 @ site 1 -> TEAM1 @ site 1
260217 220841.093|INFO|qtp1130478920-22|log|Sending packet to server Packet[LOGOUT] #2 TEAM1 @ site 1 -> SERVER0 @ site 1
260217 220841.095|INFO|qtp1130478920-22|log|Sent    packet to server Packet[LOGOUT] #2 TEAM1 @ site 1 -> SERVER0 @ site 1
260221 210134.703|CONFIG|Thread-13|log|Now logging to /home/shahd/eclipse-workspace/wti1/logs directory.
260221 210134.703|INFO|Thread-13|log|
260221 210134.704|INFO|Thread-13|log|Version 9.10.0 () Java ver 11.0.30 build 7065 Linux 6.8.0-94-generic (amd64) 
260221 210134.704|INFO|Thread-13|log|Login: team1 (aka team1)
260221 210134.705|INFO|Thread-13|log|Working directory is /home/shahd/eclipse-workspace/wti1
260221 210134.705|INFO|Thread-13|log|Process id is 18583@shahoda
260221 210134.706|INFO|Thread-13|log| handlePacket original LOGIN_SUCCESS after -- all settings loaded 
260221 210134.706|INFO|Thread-13|log|handlePacket end Packet[LOGIN_SUCCESS] #7 SERVER0 @ site 1 -> TEAM1 @ site 1
260221 210134.706|INFO|Thread-13|log| receiveObject(S) end   got Packet[LOGIN_SUCCESS] #7 SERVER0 @ site 1 -> TEAM1 @ site 1
260221 211333.260|CONFIG|Thread-13|log|Now logging to /home/shahd/eclipse-workspace/wti1/logs directory.
260221 211333.261|INFO|Thread-13|log|
260221 211333.261|INFO|Thread-13|log|Version 9.10.0 () Java ver 11.0.30 build 7065 Linux 6.8.0-94-generic (amd64) 
260221 211333.262|INFO|Thread-13|log|Login: team1 (aka team1)
260221 211333.262|INFO|Thread-13|log|Working directory is /home/shahd/eclipse-workspace/wti1
260221 211333.262|INFO|Thread-13|log|Process id is 21339@shahoda
260221 211333.263|INFO|Thread-13|log| handlePacket original LOGIN_SUCCESS after -- all settings loaded 
260221 211333.263|INFO|Thread-13|log|handlePacket end Packet[LOGIN_SUCCESS] #12 SERVER0 @ site 1 -> TEAM1 @ site 1
260221 211333.264|INFO|Thread-13|log| receiveObject(S) end   got Packet[LOGIN_SUCCESS] #12 SERVER0 @ site 1 -> TEAM1 @ site 1
260221 232130.597|CONFIG|Thread-13|log|Now logging to /home/shahd/eclipse-workspace/wti1/logs directory.
260221 232130.597|INFO|Thread-13|log|
260221 232130.598|INFO|Thread-13|log|Version 9.10.0 () Java ver 11.0.30 build 7065 Linux 6.8.0-94-generic (amd64) 
260221 232130.598|INFO|Thread-13|log|Login: team1 (aka team1)
260221 232130.598|INFO|Thread-13|log|Working directory is /home/shahd/eclipse-workspace/wti1
260221 232130.598|INFO|Thread-13|log|Process id is 39643@shahoda
260221 232130.599|INFO|Thread-13|log| handlePacket original LOGIN_SUCCESS after -- all settings loaded 
260221 232130.599|INFO|Thread-13|log|handlePacket end Packet[LOGIN_SUCCESS] #20 SERVER0 @ site 1 -> TEAM1 @ site 1
260221 232130.599|INFO|Thread-13|log| receiveObject(S) end   got Packet[LOGIN_SUCCESS] #20 SERVER0 @ site 1 -> TEAM1 @ site 1
260221 232441.703|CONFIG|Thread-13|log|Now logging to /home/shahd/eclipse-workspace/wti1/logs directory.
260221 232441.704|INFO|Thread-13|log|
260221 232441.704|INFO|Thread-13|log|Version 9.10.0 () Java ver 11.0.30 build 7065 Linux 6.8.0-94-generic (amd64) 
260221 232441.705|INFO|Thread-13|log|Login: team1 (aka team1)
260221 232441.705|INFO|Thread-13|log|Working directory is /home/shahd/eclipse-workspace/wti1
260221 232441.705|INFO|Thread-13|log|Process id is 40064@shahoda
260221 232441.706|INFO|Thread-13|log| handlePacket original LOGIN_SUCCESS after -- all settings loaded 
260221 232441.706|INFO|Thread-13|log|handlePacket end Packet[LOGIN_SUCCESS] #31 SERVER0 @ site 1 -> TEAM1 @ site 1
260221 232441.706|INFO|Thread-13|log| receiveObject(S) end   got Packet[LOGIN_SUCCESS] #31 SERVER0 @ site 1 -> TEAM1 @ site 1
260221 232750.110|CONFIG|Thread-13|log|Now logging to /home/shahd/eclipse-workspace/wti1/logs directory.
260221 232750.110|INFO|Thread-13|log|
260221 232750.111|INFO|Thread-13|log|Version 9.10.0 () Java ver 11.0.30 build 7065 Linux 6.8.0-94-generic (amd64) 
260221 232750.111|INFO|Thread-13|log|Login: team1 (aka team1)
260221 232750.111|INFO|Thread-13|log|Working directory is /home/shahd/eclipse-workspace/wti1
260221 232750.112|INFO|Thread-13|log|Process id is 40602@shahoda
260221 232750.113|INFO|Thread-13|log| handlePacket original LOGIN_SUCCESS after -- all settings loaded 
260221 232750.113|INFO|Thread-13|log|handlePacket end Packet[LOGIN_SUCCESS] #42 SERVER0 @ site 1 -> TEAM1 @ site 1
260221 232750.114|INFO|Thread-13|log| receiveObject(S) end   got Packet[LOGIN_SUCCESS] #42 SERVER0 @ site 1 -> TEAM1 @ site 1
260221 234335.139|CONFIG|Thread-13|log|Now logging to /home/shahd/eclipse-workspace/wti1/logs directory.
260221 234335.139|INFO|Thread-13|log|
260221 234335.140|INFO|Thread-13|log|Version 9.10.0 () Java ver 11.0.30 build 7065 Linux 6.8.0-94-generic (amd64) 
260221 234335.140|INFO|Thread-13|log|Login: team1 (aka team1)
260221 234335.140|INFO|Thread-13|log|Working directory is /home/shahd/eclipse-workspace/wti1
260221 234335.141|INFO|Thread-13|log|Process id is 42295@shahoda
260221 234335.141|INFO|Thread-13|log| handlePacket original LOGIN_SUCCESS after -- all settings loaded 
260221 234335.141|INFO|Thread-13|log|handlePacket end Packet[LOGIN_SUCCESS] #47 SERVER0 @ site 1 -> TEAM1 @ site 1
260221 234335.142|INFO|Thread-13|log| receiveObject(S) end   got Packet[LOGIN_SUCCESS] #47 SERVER0 @ site 1 -> TEAM1 @ site 1
260221 235528.388|CONFIG|Thread-13|log|Now logging to /home/shahd/eclipse-workspace/wti1/logs directory.
260221 235528.388|INFO|Thread-13|log|
260221 235528.388|INFO|Thread-13|log|Version 9.10.0 () Java ver 11.0.30 build 7065 Linux 6.8.0-94-generic (amd64) 
260221 235528.389|INFO|Thread-13|log|Login: team1 (aka team1)
260221 235528.389|INFO|Thread-13|log|Working directory is /home/shahd/eclipse-workspace/wti1
260221 235528.389|INFO|Thread-13|log|Process id is 43835@shahoda
260221 235528.390|INFO|Thread-13|log| handlePacket original LOGIN_SUCCESS after -- all settings loaded 
260221 235528.390|INFO|Thread-13|log|handlePacket end Packet[LOGIN_SUCCESS] #52 SERVER0 @ site 1 -> TEAM1 @ site 1
260221 235528.390|INFO|Thread-13|log| receiveObject(S) end   got Packet[LOGIN_SUCCESS] #52 SERVER0 @ site 1 -> TEAM1 @ site 1
260222 012833.760|CONFIG|Thread-22|log|Now logging to C:\Users\Shahd\git\2shahds_WCF_2026\logs directory.
260222 012833.761|INFO|Thread-22|log|
260222 012833.762|INFO|Thread-22|log|Version 9.10.0 () Java ver 21.0.8 build 7065 Windows 11 10.0 (amd64) 
260222 012833.763|INFO|Thread-22|log|Login: team1 (aka team1)
260222 012833.764|INFO|Thread-22|log|Working directory is C:\Users\Shahd\git\2shahds_WCF_2026
260222 012833.764|INFO|Thread-22|log|Process id is 31660@DESKTOP-5EPLK95
260222 012833.765|INFO|Thread-22|log| handlePacket original LOGIN_SUCCESS after -- all settings loaded 
260222 012833.765|INFO|Thread-22|log|handlePacket end Packet[LOGIN_SUCCESS] #5 SERVER0 @ site 1 -> TEAM1 @ site 1
260222 012833.765|INFO|Thread-22|log| receiveObject(S) end   got Packet[LOGIN_SUCCESS] #5 SERVER0 @ site 1 -> TEAM1 @ site 1
260222 013423.079|CONFIG|Thread-22|log|Now logging to C:\Users\Shahd\git\2shahds_WCF_2026\logs directory.
260222 013423.079|INFO|Thread-22|log|
260222 013423.080|INFO|Thread-22|log|Version 9.10.0 () Java ver 21.0.8 build 7065 Windows 11 10.0 (amd64) 
260222 013423.080|INFO|Thread-22|log|Login: team1 (aka team1)
260222 013423.080|INFO|Thread-22|log|Working directory is C:\Users\Shahd\git\2shahds_WCF_2026
260222 013423.081|INFO|Thread-22|log|Process id is 7468@DESKTOP-5EPLK95
260222 013423.081|INFO|Thread-22|log| handlePacket original LOGIN_SUCCESS after -- all settings loaded 
260222 013423.081|INFO|Thread-22|log|handlePacket end Packet[LOGIN_SUCCESS] #22 SERVER0 @ site 1 -> TEAM1 @ site 1
260222 013423.081|INFO|Thread-22|log| receiveObject(S) end   got Packet[LOGIN_SUCCESS] #22 SERVER0 @ site 1 -> TEAM1 @ site 1
260222 013549.719|CONFIG|Thread-22|log|Now logging to C:\Users\Shahd\git\2shahds_WCF_2026\logs directory.
260222 013549.720|INFO|Thread-22|log|
260222 013549.720|INFO|Thread-22|log|Version 9.10.0 () Java ver 21.0.8 build 7065 Windows 11 10.0 (amd64) 
260222 013549.720|INFO|Thread-22|log|Login: team1 (aka team1)
260222 013549.721|INFO|Thread-22|log|Working directory is C:\Users\Shahd\git\2shahds_WCF_2026
260222 013549.722|INFO|Thread-22|log|Process id is 12896@DESKTOP-5EPLK95
260222 013549.722|INFO|Thread-22|log| handlePacket original LOGIN_SUCCESS after -- all settings loaded 
260222 013549.723|INFO|Thread-22|log|handlePacket end Packet[LOGIN_SUCCESS] #27 SERVER0 @ site 1 -> TEAM1 @ site 1
260222 013549.723|INFO|Thread-22|log| receiveObject(S) end   got Packet[LOGIN_SUCCESS] #27 SERVER0 @ site 1 -> TEAM1 @ site 1
260222 014247.389|CONFIG|Thread-22|log|Now logging to C:\Users\Shahd\git\2shahds_WCF_2026\logs directory.
260222 014247.390|INFO|Thread-22|log|
260222 014247.390|INFO|Thread-22|log|Version 9.10.0 () Java ver 21.0.8 build 7065 Windows 11 10.0 (amd64) 
260222 014247.390|INFO|Thread-22|log|Login: team1 (aka team1)
260222 014247.390|INFO|Thread-22|log|Working directory is C:\Users\Shahd\git\2shahds_WCF_2026
260222 014247.391|INFO|Thread-22|log|Process id is 31548@DESKTOP-5EPLK95
260222 014247.392|INFO|Thread-22|log| handlePacket original LOGIN_SUCCESS after -- all settings loaded 
260222 014247.392|INFO|Thread-22|log|handlePacket end Packet[LOGIN_SUCCESS] #32 SERVER0 @ site 1 -> TEAM1 @ site 1
260222 014247.392|INFO|Thread-22|log| receiveObject(S) end   got Packet[LOGIN_SUCCESS] #32 SERVER0 @ site 1 -> TEAM1 @ site 1
260222 014824.149|CONFIG|Thread-22|log|Now logging to C:\Users\Shahd\git\2shahds_WCF_2026\logs directory.
260222 014824.150|INFO|Thread-22|log|
260222 014824.150|INFO|Thread-22|log|Version 9.10.0 () Java ver 21.0.8 build 7065 Windows 11 10.0 (amd64) 
260222 014824.150|INFO|Thread-22|log|Login: team1 (aka team1)
260222 014824.151|INFO|Thread-22|log|Working directory is C:\Users\Shahd\git\2shahds_WCF_2026
260222 014824.151|INFO|Thread-22|log|Process id is 7032@DESKTOP-5EPLK95
260222 014824.152|INFO|Thread-22|log| handlePacket original LOGIN_SUCCESS after -- all settings loaded 
260222 014824.152|INFO|Thread-22|log|handlePacket end Packet[LOGIN_SUCCESS] #37 SERVER0 @ site 1 -> TEAM1 @ site 1
260222 014824.152|INFO|Thread-22|log| receiveObject(S) end   got Packet[LOGIN_SUCCESS] #37 SERVER0 @ site 1 -> TEAM1 @ site 1
260222 020014.540|CONFIG|Thread-22|log|Now logging to C:\Users\Shahd\git\2shahds_WCF_2026\logs directory.
260222 020014.541|INFO|Thread-22|log|
260222 020014.542|INFO|Thread-22|log|Version 9.10.0 () Java ver 21.0.8 build 7065 Windows 11 10.0 (amd64) 
260222 020014.542|INFO|Thread-22|log|Login: team1 (aka team1)
260222 020014.543|INFO|Thread-22|log|Working directory is C:\Users\Shahd\git\2shahds_WCF_2026
260222 020014.543|INFO|Thread-22|log|Process id is 26900@DESKTOP-5EPLK95
260222 020014.543|INFO|Thread-22|log| handlePacket original LOGIN_SUCCESS after -- all settings loaded 
260222 020014.543|INFO|Thread-22|log|handlePacket end Packet[LOGIN_SUCCESS] #48 SERVER0 @ site 1 -> TEAM1 @ site 1
260222 020014.543|INFO|Thread-22|log| receiveObject(S) end   got Packet[LOGIN_SUCCESS] #48 SERVER0 @ site 1 -> TEAM1 @ site 1
260222 020159.227|CONFIG|Thread-22|log|Now logging to C:\Users\Shahd\git\2shahds_WCF_2026\logs directory.
260222 020159.227|INFO|Thread-22|log|
260222 020159.227|INFO|Thread-22|log|Version 9.10.0 () Java ver 21.0.8 build 7065 Windows 11 10.0 (amd64) 
260222 020159.228|INFO|Thread-22|log|Login: team1 (aka team1)
260222 020159.228|INFO|Thread-22|log|Working directory is C:\Users\Shahd\git\2shahds_WCF_2026
260222 020159.228|INFO|Thread-22|log|Process id is 26928@DESKTOP-5EPLK95
260222 020159.229|INFO|Thread-22|log| handlePacket original LOGIN_SUCCESS after -- all settings loaded 
260222 020159.229|INFO|Thread-22|log|handlePacket end Packet[LOGIN_SUCCESS] #53 SERVER0 @ site 1 -> TEAM1 @ site 1
260222 020159.230|INFO|Thread-22|log| receiveObject(S) end   got Packet[LOGIN_SUCCESS] #53 SERVER0 @ site 1 -> TEAM1 @ site 1
260222 020915.704|CONFIG|Thread-22|log|Now logging to C:\Users\Shahd\git\2shahds_WCF_2026\logs directory.
260222 020915.704|INFO|Thread-22|log|
260222 020915.706|INFO|Thread-22|log|Version 9.10.0 () Java ver 21.0.8 build 7065 Windows 11 10.0 (amd64) 
260222 020915.707|INFO|Thread-22|log|Login: team1 (aka team1)
260222 020915.708|INFO|Thread-22|log|Working directory is C:\Users\Shahd\git\2shahds_WCF_2026
260222 020915.708|INFO|Thread-22|log|Process id is 29580@DESKTOP-5EPLK95
260222 020915.708|INFO|Thread-22|log| handlePacket original LOGIN_SUCCESS after -- all settings loaded 
260222 020915.708|INFO|Thread-22|log|handlePacket end Packet[LOGIN_SUCCESS] #58 SERVER0 @ site 1 -> TEAM1 @ site 1
260222 020915.709|INFO|Thread-22|log| receiveObject(S) end   got Packet[LOGIN_SUCCESS] #58 SERVER0 @ site 1 -> TEAM1 @ site 1
260222 022107.279|CONFIG|Thread-22|log|Now logging to C:\Users\Shahd\git\2shahds_WCF_2026\logs directory.
260222 022107.279|INFO|Thread-22|log|
260222 022107.280|INFO|Thread-22|log|Version 9.10.0 () Java ver 21.0.8 build 7065 Windows 11 10.0 (amd64) 
260222 022107.280|INFO|Thread-22|log|Login: team1 (aka team1)
260222 022107.281|INFO|Thread-22|log|Working directory is C:\Users\Shahd\git\2shahds_WCF_2026
260222 022107.282|INFO|Thread-22|log|Process id is 41588@DESKTOP-5EPLK95
260222 022107.283|INFO|Thread-22|log| handlePacket original LOGIN_SUCCESS after -- all settings loaded 
260222 022107.283|INFO|Thread-22|log|handlePacket end Packet[LOGIN_SUCCESS] #63 SERVER0 @ site 1 -> TEAM1 @ site 1
260222 022107.283|INFO|Thread-22|log| receiveObject(S) end   got Packet[LOGIN_SUCCESS] #63 SERVER0 @ site 1 -> TEAM1 @ site 1
260222 022546.036|CONFIG|Thread-22|log|Now logging to C:\Users\Shahd\git\2shahds_WCF_2026\logs directory.
260222 022546.038|INFO|Thread-22|log|
260222 022546.038|INFO|Thread-22|log|Version 9.10.0 () Java ver 21.0.8 build 7065 Windows 11 10.0 (amd64) 
260222 022546.039|INFO|Thread-22|log|Login: team1 (aka team1)
260222 022546.040|INFO|Thread-22|log|Working directory is C:\Users\Shahd\git\2shahds_WCF_2026
260222 022546.041|INFO|Thread-22|log|Process id is 42284@DESKTOP-5EPLK95
260222 022546.041|INFO|Thread-22|log| handlePacket original LOGIN_SUCCESS after -- all settings loaded 
260222 022546.041|INFO|Thread-22|log|handlePacket end Packet[LOGIN_SUCCESS] #68 SERVER0 @ site 1 -> TEAM1 @ site 1
260222 022546.041|INFO|Thread-22|log| receiveObject(S) end   got Packet[LOGIN_SUCCESS] #68 SERVER0 @ site 1 -> TEAM1 @ site 1
260222 022820.391|CONFIG|Thread-22|log|Now logging to C:\Users\Shahd\git\2shahds_WCF_2026\logs directory.
260222 022820.391|INFO|Thread-22|log|
260222 022820.395|INFO|Thread-22|log|Version 9.10.0 () Java ver 21.0.8 build 7065 Windows 11 10.0 (amd64) 
260222 022820.396|INFO|Thread-22|log|Login: team1 (aka team1)
260222 022820.397|INFO|Thread-22|log|Working directory is C:\Users\Shahd\git\2shahds_WCF_2026
260222 022820.398|INFO|Thread-22|log|Process id is 21344@DESKTOP-5EPLK95
260222 022820.398|INFO|Thread-22|log| handlePacket original LOGIN_SUCCESS after -- all settings loaded 
260222 022820.398|INFO|Thread-22|log|handlePacket end Packet[LOGIN_SUCCESS] #73 SERVER0 @ site 1 -> TEAM1 @ site 1
260222 022820.398|INFO|Thread-22|log| receiveObject(S) end   got Packet[LOGIN_SUCCESS] #73 SERVER0 @ site 1 -> TEAM1 @ site 1
260222 023628.250|CONFIG|Thread-20|log|Now logging to C:\Users\Shahd\git\2shahds_WCF_2026\logs directory.
260222 023628.251|INFO|Thread-20|log|
260222 023628.251|INFO|Thread-20|log|Version 9.10.0 () Java ver 21.0.8 build 7065 Windows 11 10.0 (amd64) 
260222 023628.252|INFO|Thread-20|log|Login: team1 (aka team1)
260222 023628.252|INFO|Thread-20|log|Working directory is C:\Users\Shahd\git\2shahds_WCF_2026
260222 023628.253|INFO|Thread-20|log|Process id is 39688@DESKTOP-5EPLK95
260222 023628.253|INFO|Thread-20|log| handlePacket original LOGIN_SUCCESS after -- all settings loaded 
260222 023628.254|INFO|Thread-20|log|handlePacket end Packet[LOGIN_SUCCESS] #78 SERVER0 @ site 1 -> TEAM1 @ site 1
260222 023628.254|INFO|Thread-20|log| receiveObject(S) end   got Packet[LOGIN_SUCCESS] #78 SERVER0 @ site 1 -> TEAM1 @ site 1
260222 024017.447|CONFIG|Thread-22|log|Now logging to C:\Users\Shahd\git\2shahds_WCF_2026\logs directory.
260222 024017.447|INFO|Thread-22|log|
260222 024017.449|INFO|Thread-22|log|Version 9.10.0 () Java ver 21.0.8 build 7065 Windows 11 10.0 (amd64) 
260222 024017.449|INFO|Thread-22|log|Login: team1 (aka team1)
260222 024017.451|INFO|Thread-22|log|Working directory is C:\Users\Shahd\git\2shahds_WCF_2026
260222 024017.451|INFO|Thread-22|log|Process id is 28552@DESKTOP-5EPLK95
260222 024017.451|INFO|Thread-22|log| handlePacket original LOGIN_SUCCESS after -- all settings loaded 
260222 024017.452|INFO|Thread-22|log|handlePacket end Packet[LOGIN_SUCCESS] #83 SERVER0 @ site 1 -> TEAM1 @ site 1
260222 024017.452|INFO|Thread-22|log| receiveObject(S) end   got Packet[LOGIN_SUCCESS] #83 SERVER0 @ site 1 -> TEAM1 @ site 1
260222 024245.387|CONFIG|Thread-22|log|Now logging to C:\Users\Shahd\git\2shahds_WCF_2026\logs directory.
260222 024245.388|INFO|Thread-22|log|
260222 024245.389|INFO|Thread-22|log|Version 9.10.0 () Java ver 21.0.8 build 7065 Windows 11 10.0 (amd64) 
260222 024245.389|INFO|Thread-22|log|Login: team1 (aka team1)
260222 024245.390|INFO|Thread-22|log|Working directory is C:\Users\Shahd\git\2shahds_WCF_2026
260222 024245.391|INFO|Thread-22|log|Process id is 40552@DESKTOP-5EPLK95
260222 024245.393|INFO|Thread-22|log| handlePacket original LOGIN_SUCCESS after -- all settings loaded 
260222 024245.393|INFO|Thread-22|log|handlePacket end Packet[LOGIN_SUCCESS] #88 SERVER0 @ site 1 -> TEAM1 @ site 1
260222 024245.393|INFO|Thread-22|log| receiveObject(S) end   got Packet[LOGIN_SUCCESS] #88 SERVER0 @ site 1 -> TEAM1 @ site 1
260222 024937.553|CONFIG|Thread-21|log|Now logging to C:\Users\Shahd\git\2shahds_WCF_2026\logs directory.
260222 024937.553|INFO|Thread-21|log|
260222 024937.554|INFO|Thread-21|log|Version 9.10.0 () Java ver 21.0.8 build 7065 Windows 11 10.0 (amd64) 
260222 024937.555|INFO|Thread-21|log|Login: team1 (aka team1)
260222 024937.556|INFO|Thread-21|log|Working directory is C:\Users\Shahd\git\2shahds_WCF_2026
260222 024937.556|INFO|Thread-21|log|Process id is 22780@DESKTOP-5EPLK95
260222 024937.557|INFO|Thread-21|log| handlePacket original LOGIN_SUCCESS after -- all settings loaded 
260222 024937.557|INFO|Thread-21|log|handlePacket end Packet[LOGIN_SUCCESS] #93 SERVER0 @ site 1 -> TEAM1 @ site 1
260222 024937.558|INFO|Thread-21|log| receiveObject(S) end   got Packet[LOGIN_SUCCESS] #93 SERVER0 @ site 1 -> TEAM1 @ site 1
260223 224941.016|CONFIG|Thread-16|log|Now logging to C:\Users\Lenovo\git\2shahds_WCF_2026\logs directory.
260223 224941.017|INFO|Thread-16|log|
260223 224941.018|INFO|Thread-16|log|Version 9.10.0 () Java ver 1.8.0_51 build 7065 Windows 8.1 6.3 (amd64) 
260223 224941.018|INFO|Thread-16|log|Login: team1 (aka team1)
260223 224941.018|INFO|Thread-16|log|Working directory is C:\Users\Lenovo\git\2shahds_WCF_2026
260223 224941.018|INFO|Thread-16|log|Process id is 12576@lilsaados
260223 224941.019|INFO|Thread-16|log| handlePacket original LOGIN_SUCCESS after -- all settings loaded 
260223 224941.019|INFO|Thread-16|log|handlePacket end Packet[LOGIN_SUCCESS] #6 SERVER0 @ site 1 -> TEAM1 @ site 1
260223 224941.020|INFO|Thread-16|log| receiveObject(S) end   got Packet[LOGIN_SUCCESS] #6 SERVER0 @ site 1 -> TEAM1 @ site 1
260223 225204.533|INFO|Thread-17|log| receiveObject(S) start got Packet[ADD_SETTING] #8 SERVER0 @ site 1 -> SERVER0 @ site 0
260223 225204.535|INFO|Thread-17|log|Packet ADD_SETTING (Seq #8, o#3 ) recieveObject
260223 225204.535|INFO|Thread-17|log|  From: SERVER0 @ site 1, oADMINISTRATOR1 @ site 1 (lilsaados @ 169.254.83.107) (Contest Id: Default--8030075252927918473)
260223 225204.536|INFO|Thread-17|log|    To: SERVER0 @ site 0
260223 225204.536|INFO|Thread-17|log|   key: LANGUAGE is: edu.csus.ecs.pc2.core.model.Language Java
260223 225204.536|INFO|Thread-17|log|handlePacket start Packet[ADD_SETTING] #8 SERVER0 @ site 1 -> SERVER0 @ site 0
260223 225204.537|INFO|Thread-17|log|Packet ADD_SETTING (Seq #8, o#3 ) handlePacket
260223 225204.537|INFO|Thread-17|log|  From: SERVER0 @ site 1, oADMINISTRATOR1 @ site 1 (lilsaados @ 169.254.83.107) (Contest Id: Default--8030075252927918473)
260223 225204.537|INFO|Thread-17|log|    To: SERVER0 @ site 0
260223 225204.537|INFO|Thread-17|log|   key: LANGUAGE is: edu.csus.ecs.pc2.core.model.Language Java
260223 225204.541|INFO|Thread-17|log|handlePacket end Packet[ADD_SETTING] #8 SERVER0 @ site 1 -> SERVER0 @ site 0
260223 225204.541|INFO|Thread-17|log| receiveObject(S) end   got Packet[ADD_SETTING] #8 SERVER0 @ site 1 -> SERVER0 @ site 0
260223 225210.621|INFO|Thread-18|log| receiveObject(S) start got Packet[ADD_SETTING] #9 SERVER0 @ site 1 -> SERVER0 @ site 0
260223 225210.623|INFO|Thread-18|log|Packet ADD_SETTING (Seq #9, o#4 ) recieveObject
260223 225210.623|INFO|Thread-18|log|  From: SERVER0 @ site 1, oADMINISTRATOR1 @ site 1 (lilsaados @ 169.254.83.107) (Contest Id: Default--8030075252927918473)
260223 225210.623|INFO|Thread-18|log|    To: SERVER0 @ site 0
260223 225210.623|INFO|Thread-18|log|   key: LANGUAGE is: edu.csus.ecs.pc2.core.model.Language GNU C++
260223 225210.623|INFO|Thread-18|log|handlePacket start Packet[ADD_SETTING] #9 SERVER0 @ site 1 -> SERVER0 @ site 0
260223 225210.623|INFO|Thread-18|log|Packet ADD_SETTING (Seq #9, o#4 ) handlePacket
260223 225210.623|INFO|Thread-18|log|  From: SERVER0 @ site 1, oADMINISTRATOR1 @ site 1 (lilsaados @ 169.254.83.107) (Contest Id: Default--8030075252927918473)
260223 225210.624|INFO|Thread-18|log|    To: SERVER0 @ site 0
260223 225210.624|INFO|Thread-18|log|   key: LANGUAGE is: edu.csus.ecs.pc2.core.model.Language GNU C++
260223 225210.626|INFO|Thread-18|log|handlePacket end Packet[ADD_SETTING] #9 SERVER0 @ site 1 -> SERVER0 @ site 0
260223 225210.627|INFO|Thread-18|log| receiveObject(S) end   got Packet[ADD_SETTING] #9 SERVER0 @ site 1 -> SERVER0 @ site 0
260223 225221.429|INFO|Thread-19|log| receiveObject(S) start got Packet[ADD_SETTING] #10 SERVER0 @ site 1 -> SERVER0 @ site 0
260223 225221.429|INFO|Thread-19|log|Packet ADD_SETTING (Seq #10, o#5 ) recieveObject
260223 225221.429|INFO|Thread-19|log|  From: SERVER0 @ site 1, oADMINISTRATOR1 @ site 1 (lilsaados @ 169.254.83.107) (Contest Id: Default--8030075252927918473)
260223 225221.429|INFO|Thread-19|log|    To: SERVER0 @ site 0
260223 225221.429|INFO|Thread-19|log|   key: LANGUAGE is: edu.csus.ecs.pc2.core.model.Language default
260223 225221.430|INFO|Thread-19|log|handlePacket start Packet[ADD_SETTING] #10 SERVER0 @ site 1 -> SERVER0 @ site 0
260223 225221.430|INFO|Thread-19|log|Packet ADD_SETTING (Seq #10, o#5 ) handlePacket
260223 225221.430|INFO|Thread-19|log|  From: SERVER0 @ site 1, oADMINISTRATOR1 @ site 1 (lilsaados @ 169.254.83.107) (Contest Id: Default--8030075252927918473)
260223 225221.430|INFO|Thread-19|log|    To: SERVER0 @ site 0
260223 225221.430|INFO|Thread-19|log|   key: LANGUAGE is: edu.csus.ecs.pc2.core.model.Language default
260223 225221.430|INFO|Thread-19|log|handlePacket end Packet[ADD_SETTING] #10 SERVER0 @ site 1 -> SERVER0 @ site 0
260223 225221.430|INFO|Thread-19|log| receiveObject(S) end   got Packet[ADD_SETTING] #10 SERVER0 @ site 1 -> SERVER0 @ site 0
260223 225227.523|INFO|Thread-20|log| receiveObject(S) start got Packet[ADD_SETTING] #11 SERVER0 @ site 1 -> SERVER0 @ site 0
260223 225227.524|INFO|Thread-20|log|Packet ADD_SETTING (Seq #11, o#6 ) recieveObject
260223 225227.524|INFO|Thread-20|log|  From: SERVER0 @ site 1, oADMINISTRATOR1 @ site 1 (lilsaados @ 169.254.83.107) (Contest Id: Default--8030075252927918473)
260223 225227.524|INFO|Thread-20|log|    To: SERVER0 @ site 0
260223 225227.524|INFO|Thread-20|log|   key: LANGUAGE is: edu.csus.ecs.pc2.core.model.Language GNU C
260223 225227.524|INFO|Thread-20|log|handlePacket start Packet[ADD_SETTING] #11 SERVER0 @ site 1 -> SERVER0 @ site 0
260223 225227.524|INFO|Thread-20|log|Packet ADD_SETTING (Seq #11, o#6 ) handlePacket
260223 225227.525|INFO|Thread-20|log|  From: SERVER0 @ site 1, oADMINISTRATOR1 @ site 1 (lilsaados @ 169.254.83.107) (Contest Id: Default--8030075252927918473)
260223 225227.525|INFO|Thread-20|log|    To: SERVER0 @ site 0
260223 225227.525|INFO|Thread-20|log|   key: LANGUAGE is: edu.csus.ecs.pc2.core.model.Language GNU C
260223 225227.525|INFO|Thread-20|log|handlePacket end Packet[ADD_SETTING] #11 SERVER0 @ site 1 -> SERVER0 @ site 0
260223 225227.526|INFO|Thread-20|log| receiveObject(S) end   got Packet[ADD_SETTING] #11 SERVER0 @ site 1 -> SERVER0 @ site 0
260223 225233.722|INFO|Thread-21|log| receiveObject(S) start got Packet[ADD_SETTING] #12 SERVER0 @ site 1 -> SERVER0 @ site 0
260223 225233.722|INFO|Thread-21|log|Packet ADD_SETTING (Seq #12, o#7 ) recieveObject
260223 225233.722|INFO|Thread-21|log|  From: SERVER0 @ site 1, oADMINISTRATOR1 @ site 1 (lilsaados @ 169.254.83.107) (Contest Id: Default--8030075252927918473)
260223 225233.722|INFO|Thread-21|log|    To: SERVER0 @ site 0
260223 225233.723|INFO|Thread-21|log|   key: LANGUAGE is: edu.csus.ecs.pc2.core.model.Language Mono C#
260223 225233.723|INFO|Thread-21|log|handlePacket start Packet[ADD_SETTING] #12 SERVER0 @ site 1 -> SERVER0 @ site 0
260223 225233.723|INFO|Thread-21|log|Packet ADD_SETTING (Seq #12, o#7 ) handlePacket
260223 225233.723|INFO|Thread-21|log|  From: SERVER0 @ site 1, oADMINISTRATOR1 @ site 1 (lilsaados @ 169.254.83.107) (Contest Id: Default--8030075252927918473)
260223 225233.723|INFO|Thread-21|log|    To: SERVER0 @ site 0
260223 225233.725|INFO|Thread-21|log|   key: LANGUAGE is: edu.csus.ecs.pc2.core.model.Language Mono C#
260223 225233.726|INFO|Thread-21|log|handlePacket end Packet[ADD_SETTING] #12 SERVER0 @ site 1 -> SERVER0 @ site 0
260223 225233.726|INFO|Thread-21|log| receiveObject(S) end   got Packet[ADD_SETTING] #12 SERVER0 @ site 1 -> SERVER0 @ site 0
260224 000114.843|CONFIG|Thread-16|log|Now logging to C:\Users\Lenovo\git\2shahds_WCF_2026\logs directory.
260224 000114.843|INFO|Thread-16|log|
260224 000114.843|INFO|Thread-16|log|Version 9.10.0 () Java ver 1.8.0_51 build 7065 Windows 8.1 6.3 (amd64) 
260224 000114.843|INFO|Thread-16|log|Login: team1 (aka team1)
260224 000114.843|INFO|Thread-16|log|Working directory is C:\Users\Lenovo\git\2shahds_WCF_2026
260224 000114.844|INFO|Thread-16|log|Process id is 10288@lilsaados
260224 000114.844|INFO|Thread-16|log| handlePacket original LOGIN_SUCCESS after -- all settings loaded 
260224 000114.844|INFO|Thread-16|log|handlePacket end Packet[LOGIN_SUCCESS] #46 SERVER0 @ site 1 -> TEAM1 @ site 1
260224 000114.844|INFO|Thread-16|log| receiveObject(S) end   got Packet[LOGIN_SUCCESS] #46 SERVER0 @ site 1 -> TEAM1 @ site 1
260224 000344.503|INFO|Thread-17|log| receiveObject(S) start got Packet[UPDATE_SETTING] #49 SERVER0 @ site 1 -> SERVER0 @ site 0
260224 000344.503|INFO|Thread-17|log|Packet UPDATE_SETTING (Seq #49, o#4 ) recieveObject
260224 000344.504|INFO|Thread-17|log|  From: SERVER0 @ site 1, oADMINISTRATOR1 @ site 1 (lilsaados @ 169.254.83.107) (Contest Id: Default--8030075252927918473)
260224 000344.504|INFO|Thread-17|log|    To: SERVER0 @ site 0
260224 000344.504|INFO|Thread-17|log|   key: PROBLEM is: edu.csus.ecs.pc2.core.model.Problem problem2
260224 000344.504|INFO|Thread-17|log|handlePacket start Packet[UPDATE_SETTING] #49 SERVER0 @ site 1 -> SERVER0 @ site 0
260224 000344.504|INFO|Thread-17|log|Packet UPDATE_SETTING (Seq #49, o#4 ) handlePacket
260224 000344.504|INFO|Thread-17|log|  From: SERVER0 @ site 1, oADMINISTRATOR1 @ site 1 (lilsaados @ 169.254.83.107) (Contest Id: Default--8030075252927918473)
260224 000344.504|INFO|Thread-17|log|    To: SERVER0 @ site 0
260224 000344.504|INFO|Thread-17|log|   key: PROBLEM is: edu.csus.ecs.pc2.core.model.Problem problem2
260224 000344.504|INFO|Thread-17|log|handlePacket end Packet[UPDATE_SETTING] #49 SERVER0 @ site 1 -> SERVER0 @ site 0
260224 000344.504|INFO|Thread-17|log| receiveObject(S) end   got Packet[UPDATE_SETTING] #49 SERVER0 @ site 1 -> SERVER0 @ site 0
260224 000405.425|INFO|Thread-19|log| receiveObject(S) start got Packet[UPDATE_SETTING] #51 SERVER0 @ site 1 -> SERVER0 @ site 0
260224 000405.427|INFO|Thread-19|log|Packet UPDATE_SETTING (Seq #51, o#5 ) recieveObject
260224 000405.427|INFO|Thread-19|log|  From: SERVER0 @ site 1, oADMINISTRATOR1 @ site 1 (lilsaados @ 169.254.83.107) (Contest Id: Default--8030075252927918473)
260224 000405.427|INFO|Thread-19|log|    To: SERVER0 @ site 0
260224 000405.427|INFO|Thread-19|log|   key: PROBLEM is: edu.csus.ecs.pc2.core.model.Problem problem2
260224 000405.427|INFO|Thread-19|log|handlePacket start Packet[UPDATE_SETTING] #51 SERVER0 @ site 1 -> SERVER0 @ site 0
260224 000405.427|INFO|Thread-19|log|Packet UPDATE_SETTING (Seq #51, o#5 ) handlePacket
260224 000405.427|INFO|Thread-19|log|  From: SERVER0 @ site 1, oADMINISTRATOR1 @ site 1 (lilsaados @ 169.254.83.107) (Contest Id: Default--8030075252927918473)
260224 000405.427|INFO|Thread-19|log|    To: SERVER0 @ site 0
260224 000405.427|INFO|Thread-19|log|   key: PROBLEM is: edu.csus.ecs.pc2.core.model.Problem problem2
260224 000405.431|INFO|Thread-19|log|handlePacket end Packet[UPDATE_SETTING] #51 SERVER0 @ site 1 -> SERVER0 @ site 0
260224 000405.433|INFO|Thread-19|log| receiveObject(S) end   got Packet[UPDATE_SETTING] #51 SERVER0 @ site 1 -> SERVER0 @ site 0
260224 211808.104|CONFIG|Thread-16|log|Now logging to C:\Users\Lenovo\git\2shahds_WCF_2026\logs directory.
260224 211808.106|INFO|Thread-16|log|
260224 211808.106|INFO|Thread-16|log|Version 9.10.0 () Java ver 1.8.0_51 build 7065 Windows 8.1 6.3 (amd64) 
260224 211808.106|INFO|Thread-16|log|Login: team1 (aka team1)
260224 211808.106|INFO|Thread-16|log|Working directory is C:\Users\Lenovo\git\2shahds_WCF_2026
260224 211808.106|INFO|Thread-16|log|Process id is 23624@lilsaados
260224 211808.107|INFO|Thread-16|log| handlePacket original LOGIN_SUCCESS after -- all settings loaded 
260224 211808.107|INFO|Thread-16|log|handlePacket end Packet[LOGIN_SUCCESS] #5 SERVER0 @ site 1 -> TEAM1 @ site 1
260224 211808.107|INFO|Thread-16|log| receiveObject(S) end   got Packet[LOGIN_SUCCESS] #5 SERVER0 @ site 1 -> TEAM1 @ site 1
260224 212345.123|CONFIG|Thread-16|log|Now logging to C:\Users\Lenovo\git\2shahds_WCF_2026\logs directory.
260224 212345.123|INFO|Thread-16|log|
260224 212345.124|INFO|Thread-16|log|Version 9.10.0 () Java ver 1.8.0_51 build 7065 Windows 8.1 6.3 (amd64) 
260224 212345.124|INFO|Thread-16|log|Login: team1 (aka team1)
260224 212345.124|INFO|Thread-16|log|Working directory is C:\Users\Lenovo\git\2shahds_WCF_2026
260224 212345.124|INFO|Thread-16|log|Process id is 2836@lilsaados
260224 212345.124|INFO|Thread-16|log| handlePacket original LOGIN_SUCCESS after -- all settings loaded 
260224 212345.125|INFO|Thread-16|log|handlePacket end Packet[LOGIN_SUCCESS] #55 SERVER0 @ site 1 -> TEAM1 @ site 1
260224 212345.125|INFO|Thread-16|log| receiveObject(S) end   got Packet[LOGIN_SUCCESS] #55 SERVER0 @ site 1 -> TEAM1 @ site 1
260224 212635.342|CONFIG|Thread-20|log|Now logging to C:\Users\Lenovo\git\2shahds_WCF_2026\logs directory.
260224 212635.343|INFO|Thread-20|log|
260224 212635.343|INFO|Thread-20|log|Version 9.10.0 () Java ver 1.8.0_51 build 7065 Windows 8.1 6.3 (amd64) 
260224 212635.343|INFO|Thread-20|log|Login: team1 (aka team1)
260224 212635.343|INFO|Thread-20|log|Working directory is C:\Users\Lenovo\git\2shahds_WCF_2026
260224 212635.343|INFO|Thread-20|log|Process id is 19300@lilsaados
260224 212635.343|INFO|Thread-20|log| handlePacket original LOGIN_SUCCESS after -- all settings loaded 
260224 212635.344|INFO|Thread-20|log|handlePacket end Packet[LOGIN_SUCCESS] #8 SERVER0 @ site 1 -> TEAM1 @ site 1
260224 212635.344|INFO|Thread-20|log| receiveObject(S) end   got Packet[LOGIN_SUCCESS] #8 SERVER0 @ site 1 -> TEAM1 @ site 1
260224 213401.225|CONFIG|Thread-20|log|Now logging to C:\Users\Lenovo\git\2shahds_WCF_2026\logs directory.
260224 213401.225|INFO|Thread-20|log|
260224 213401.225|INFO|Thread-20|log|Version 9.10.0 () Java ver 1.8.0_51 build 7065 Windows 8.1 6.3 (amd64) 
260224 213401.226|INFO|Thread-20|log|Login: team1 (aka team1)
260224 213401.226|INFO|Thread-20|log|Working directory is C:\Users\Lenovo\git\2shahds_WCF_2026
260224 213401.226|INFO|Thread-20|log|Process id is 13332@lilsaados
260224 213401.226|INFO|Thread-20|log| handlePacket original LOGIN_SUCCESS after -- all settings loaded 
260224 213401.226|INFO|Thread-20|log|handlePacket end Packet[LOGIN_SUCCESS] #36 SERVER0 @ site 1 -> TEAM1 @ site 1
260224 213401.226|INFO|Thread-20|log| receiveObject(S) end   got Packet[LOGIN_SUCCESS] #36 SERVER0 @ site 1 -> TEAM1 @ site 1
260224 213557.721|CONFIG|Thread-16|log|Now logging to C:\Users\Lenovo\git\2shahds_WCF_2026\logs directory.
260224 213557.721|INFO|Thread-16|log|
260224 213557.721|INFO|Thread-16|log|Version 9.10.0 () Java ver 1.8.0_51 build 7065 Windows 8.1 6.3 (amd64) 
260224 213557.721|INFO|Thread-16|log|Login: team1 (aka team1)
260224 213557.721|INFO|Thread-16|log|Working directory is C:\Users\Lenovo\git\2shahds_WCF_2026
260224 213557.722|INFO|Thread-16|log|Process id is 10084@lilsaados
260224 213557.722|INFO|Thread-16|log| handlePacket original LOGIN_SUCCESS after -- all settings loaded 
260224 213557.722|INFO|Thread-16|log|handlePacket end Packet[LOGIN_SUCCESS] #49 SERVER0 @ site 1 -> TEAM1 @ site 1
260224 213557.722|INFO|Thread-16|log| receiveObject(S) end   got Packet[LOGIN_SUCCESS] #49 SERVER0 @ site 1 -> TEAM1 @ site 1
260224 214157.448|CONFIG|Thread-16|log|Now logging to C:\Users\Lenovo\git\2shahds_WCF_2026\logs directory.
260224 214157.448|INFO|Thread-16|log|
260224 214157.448|INFO|Thread-16|log|Version 9.10.0 () Java ver 1.8.0_51 build 7065 Windows 8.1 6.3 (amd64) 
260224 214157.448|INFO|Thread-16|log|Login: team1 (aka team1)
260224 214157.448|INFO|Thread-16|log|Working directory is C:\Users\Lenovo\git\2shahds_WCF_2026
260224 214157.449|INFO|Thread-16|log|Process id is 11128@lilsaados
260224 214157.449|INFO|Thread-16|log| handlePacket original LOGIN_SUCCESS after -- all settings loaded 
260224 214157.449|INFO|Thread-16|log|handlePacket end Packet[LOGIN_SUCCESS] #76 SERVER0 @ site 1 -> TEAM1 @ site 1
260224 214157.449|INFO|Thread-16|log| receiveObject(S) end   got Packet[LOGIN_SUCCESS] #76 SERVER0 @ site 1 -> TEAM1 @ site 1
260224 214318.066|CONFIG|Thread-16|log|Now logging to C:\Users\Lenovo\git\2shahds_WCF_2026\logs directory.
260224 214318.067|INFO|Thread-16|log|
260224 214318.067|INFO|Thread-16|log|Version 9.10.0 () Java ver 1.8.0_51 build 7065 Windows 8.1 6.3 (amd64) 
260224 214318.067|INFO|Thread-16|log|Login: team1 (aka team1)
260224 214318.067|INFO|Thread-16|log|Working directory is C:\Users\Lenovo\git\2shahds_WCF_2026
260224 214318.068|INFO|Thread-16|log|Process id is 11584@lilsaados
260224 214318.068|INFO|Thread-16|log| handlePacket original LOGIN_SUCCESS after -- all settings loaded 
260224 214318.068|INFO|Thread-16|log|handlePacket end Packet[LOGIN_SUCCESS] #81 SERVER0 @ site 1 -> TEAM1 @ site 1
260224 214318.068|INFO|Thread-16|log| receiveObject(S) end   got Packet[LOGIN_SUCCESS] #81 SERVER0 @ site 1 -> TEAM1 @ site 1
260224 220340.961|CONFIG|Thread-16|log|Now logging to C:\Users\Lenovo\git\2shahds_WCF_2026\logs directory.
260224 220340.961|INFO|Thread-16|log|
260224 220340.961|INFO|Thread-16|log|Version 9.10.0 () Java ver 1.8.0_51 build 7065 Windows 8.1 6.3 (amd64) 
260224 220340.961|INFO|Thread-16|log|Login: team1 (aka team1)
260224 220340.961|INFO|Thread-16|log|Working directory is C:\Users\Lenovo\git\2shahds_WCF_2026
260224 220340.961|INFO|Thread-16|log|Process id is 23652@lilsaados
260224 220340.963|INFO|Thread-16|log| handlePacket original LOGIN_SUCCESS after -- all settings loaded 
260224 220340.963|INFO|Thread-16|log|handlePacket end Packet[LOGIN_SUCCESS] #92 SERVER0 @ site 1 -> TEAM1 @ site 1
260224 220340.963|INFO|Thread-16|log| receiveObject(S) end   got Packet[LOGIN_SUCCESS] #92 SERVER0 @ site 1 -> TEAM1 @ site 1
260302 214924.964|CONFIG|Thread-11|log|Now logging to /home/shahd/eclipse-workspace/wti1/logs directory.
260302 214924.965|INFO|Thread-11|log|
260302 214924.965|INFO|Thread-11|log|Version 9.10.0 () Java ver 11.0.30 build 7065 Linux 6.8.0-100-generic (amd64) 
260302 214924.965|INFO|Thread-11|log|Login: team1 (aka team1)
260302 214924.965|INFO|Thread-11|log|Working directory is /home/shahd/eclipse-workspace/wti1
260302 214924.966|INFO|Thread-11|log|Process id is 12583@shahoda
260302 214924.966|INFO|Thread-11|log| handlePacket original LOGIN_SUCCESS after -- all settings loaded 
260302 214924.967|INFO|Thread-11|log|handlePacket end Packet[LOGIN_SUCCESS] #5 SERVER0 @ site 1 -> TEAM1 @ site 1
260302 214924.967|INFO|Thread-11|log| receiveObject(S) end   got Packet[LOGIN_SUCCESS] #5 SERVER0 @ site 1 -> TEAM1 @ site 1
260302 215619.497|CONFIG|Thread-12|log|Now logging to /home/shahd/eclipse-workspace/wti1/logs directory.
260302 215619.498|INFO|Thread-12|log|
260302 215619.498|INFO|Thread-12|log|Version 9.10.0 () Java ver 11.0.30 build 7065 Linux 6.8.0-100-generic (amd64) 
260302 215619.498|INFO|Thread-12|log|Login: team1 (aka team1)
260302 215619.498|INFO|Thread-12|log|Working directory is /home/shahd/eclipse-workspace/wti1
260302 215619.499|INFO|Thread-12|log|Process id is 13769@shahoda
260302 215619.499|INFO|Thread-12|log| handlePacket original LOGIN_SUCCESS after -- all settings loaded 
260302 215619.500|INFO|Thread-12|log|handlePacket end Packet[LOGIN_SUCCESS] #10 SERVER0 @ site 1 -> TEAM1 @ site 1
260302 215619.500|INFO|Thread-12|log| receiveObject(S) end   got Packet[LOGIN_SUCCESS] #10 SERVER0 @ site 1 -> TEAM1 @ site 1
260302 223839.897|CONFIG|Thread-12|log|Now logging to /home/shahd/eclipse-workspace/wti1/logs directory.
260302 223839.898|INFO|Thread-12|log|
260302 223839.898|INFO|Thread-12|log|Version 9.10.0 () Java ver 11.0.30 build 7065 Linux 6.8.0-100-generic (amd64) 
260302 223839.899|INFO|Thread-12|log|Login: team1 (aka team1)
260302 223839.899|INFO|Thread-12|log|Working directory is /home/shahd/eclipse-workspace/wti1
260302 223839.899|INFO|Thread-12|log|Process id is 17247@shahoda
260302 223839.900|INFO|Thread-12|log| handlePacket original LOGIN_SUCCESS after -- all settings loaded 
260302 223839.900|INFO|Thread-12|log|handlePacket end Packet[LOGIN_SUCCESS] #21 SERVER0 @ site 1 -> TEAM1 @ site 1
260302 223839.900|INFO|Thread-12|log| receiveObject(S) end   got Packet[LOGIN_SUCCESS] #21 SERVER0 @ site 1 -> TEAM1 @ site 1
260302 224934.368|CONFIG|Thread-11|log|Now logging to /home/shahd/eclipse-workspace/wti1/logs directory.
260302 224934.368|INFO|Thread-11|log|
260302 224934.369|INFO|Thread-11|log|Version 9.10.0 () Java ver 11.0.30 build 7065 Linux 6.8.0-100-generic (amd64) 
260302 224934.369|INFO|Thread-11|log|Login: team1 (aka team1)
260302 224934.369|INFO|Thread-11|log|Working directory is /home/shahd/eclipse-workspace/wti1
260302 224934.370|INFO|Thread-11|log|Process id is 18592@shahoda
260302 224934.370|INFO|Thread-11|log| handlePacket original LOGIN_SUCCESS after -- all settings loaded 
260302 224934.371|INFO|Thread-11|log|handlePacket end Packet[LOGIN_SUCCESS] #62 SERVER0 @ site 1 -> TEAM1 @ site 1
260302 224934.371|INFO|Thread-11|log| receiveObject(S) end   got Packet[LOGIN_SUCCESS] #62 SERVER0 @ site 1 -> TEAM1 @ site 1
260309 014317.841|CONFIG|Thread-13|log|Now logging to /home/shahd/eclipse-workspace/wti1/logs directory.
260309 014317.842|INFO|Thread-13|log|
260309 014317.842|INFO|Thread-13|log|Version 9.10.0 () Java ver 11.0.30 build 7065 Linux 6.8.0-100-generic (amd64) 
260309 014317.842|INFO|Thread-13|log|Login: team1 (aka team1)
260309 014317.842|INFO|Thread-13|log|Working directory is /home/shahd/eclipse-workspace/wti1
260309 014317.843|INFO|Thread-13|log|Process id is 8214@shahoda
260309 014317.843|INFO|Thread-13|log| handlePacket original LOGIN_SUCCESS after -- all settings loaded 
260309 014317.843|INFO|Thread-13|log|handlePacket end Packet[LOGIN_SUCCESS] #2 SERVER0 @ site 1 -> TEAM1 @ site 1
260309 014317.844|INFO|Thread-13|log| receiveObject(S) end   got Packet[LOGIN_SUCCESS] #2 SERVER0 @ site 1 -> TEAM1 @ site 1
260309 014848.489|CONFIG|Thread-13|log|Now logging to /home/shahd/eclipse-workspace/wti1/logs directory.
260309 014848.489|INFO|Thread-13|log|
260309 014848.489|INFO|Thread-13|log|Version 9.10.0 () Java ver 11.0.30 build 7065 Linux 6.8.0-100-generic (amd64) 
260309 014848.490|INFO|Thread-13|log|Login: team1 (aka team1)
260309 014848.490|INFO|Thread-13|log|Working directory is /home/shahd/eclipse-workspace/wti1
260309 014848.490|INFO|Thread-13|log|Process id is 9012@shahoda
260309 014848.491|INFO|Thread-13|log| handlePacket original LOGIN_SUCCESS after -- all settings loaded 
260309 014848.491|INFO|Thread-13|log|handlePacket end Packet[LOGIN_SUCCESS] #7 SERVER0 @ site 1 -> TEAM1 @ site 1
260309 014848.492|INFO|Thread-13|log| receiveObject(S) end   got Packet[LOGIN_SUCCESS] #7 SERVER0 @ site 1 -> TEAM1 @ site 1
260309 023631.310|CONFIG|Thread-11|log|Now logging to /home/shahd/eclipse-workspace/wti1/logs directory.
260309 023631.310|INFO|Thread-11|log|
260309 023631.311|INFO|Thread-11|log|Version 9.10.0 () Java ver 11.0.30 build 7065 Linux 6.8.0-100-generic (amd64) 
260309 023631.311|INFO|Thread-11|log|Login: team1 (aka team1)
260309 023631.311|INFO|Thread-11|log|Working directory is /home/shahd/eclipse-workspace/wti1
260309 023631.311|INFO|Thread-11|log|Process id is 13408@shahoda
260309 023631.312|INFO|Thread-11|log| handlePacket original LOGIN_SUCCESS after -- all settings loaded 
260309 023631.312|INFO|Thread-11|log|handlePacket end Packet[LOGIN_SUCCESS] #18 SERVER0 @ site 1 -> TEAM1 @ site 1
260309 023631.312|INFO|Thread-11|log| receiveObject(S) end   got Packet[LOGIN_SUCCESS] #18 SERVER0 @ site 1 -> TEAM1 @ site 1
260309 024210.618|CONFIG|Thread-12|log|Now logging to /home/shahd/eclipse-workspace/wti1/logs directory.
260309 024210.619|INFO|Thread-12|log|
260309 024210.619|INFO|Thread-12|log|Version 9.10.0 () Java ver 11.0.30 build 7065 Linux 6.8.0-100-generic (amd64) 
260309 024210.619|INFO|Thread-12|log|Login: team1 (aka team1)
260309 024210.619|INFO|Thread-12|log|Working directory is /home/shahd/eclipse-workspace/wti1
260309 024210.620|INFO|Thread-12|log|Process id is 13936@shahoda
260309 024210.620|INFO|Thread-12|log| handlePacket original LOGIN_SUCCESS after -- all settings loaded 
260309 024210.621|INFO|Thread-12|log|handlePacket end Packet[LOGIN_SUCCESS] #23 SERVER0 @ site 1 -> TEAM1 @ site 1
260309 024210.621|INFO|Thread-12|log| receiveObject(S) end   got Packet[LOGIN_SUCCESS] #23 SERVER0 @ site 1 -> TEAM1 @ site 1
260309 024646.175|CONFIG|Thread-11|log|Now logging to /home/shahd/eclipse-workspace/wti1/logs directory.
260309 024646.175|INFO|Thread-11|log|
260309 024646.176|INFO|Thread-11|log|Version 9.10.0 () Java ver 11.0.30 build 7065 Linux 6.8.0-100-generic (amd64) 
260309 024646.176|INFO|Thread-11|log|Login: team1 (aka team1)
260309 024646.176|INFO|Thread-11|log|Working directory is /home/shahd/eclipse-workspace/wti1
260309 024646.177|INFO|Thread-11|log|Process id is 14392@shahoda
260309 024646.177|INFO|Thread-11|log| handlePacket original LOGIN_SUCCESS after -- all settings loaded 
260309 024646.178|INFO|Thread-11|log|handlePacket end Packet[LOGIN_SUCCESS] #28 SERVER0 @ site 1 -> TEAM1 @ site 1
260309 024646.178|INFO|Thread-11|log| receiveObject(S) end   got Packet[LOGIN_SUCCESS] #28 SERVER0 @ site 1 -> TEAM1 @ site 1
260309 043356.184|CONFIG|Thread-13|log|Now logging to /home/shahd/eclipse-workspace/wti1/logs directory.
260309 043356.185|INFO|Thread-13|log|
260309 043356.185|INFO|Thread-13|log|Version 9.10.0 () Java ver 11.0.30 build 7065 Linux 6.8.0-100-generic (amd64) 
260309 043356.186|INFO|Thread-13|log|Login: team1 (aka team1)
260309 043356.186|INFO|Thread-13|log|Working directory is /home/shahd/eclipse-workspace/wti1
260309 043356.186|INFO|Thread-13|log|Process id is 24697@shahoda
260309 043356.187|INFO|Thread-13|log| handlePacket original LOGIN_SUCCESS after -- all settings loaded 
260309 043356.187|INFO|Thread-13|log|handlePacket end Packet[LOGIN_SUCCESS] #33 SERVER0 @ site 1 -> TEAM1 @ site 1
260309 043356.188|INFO|Thread-13|log| receiveObject(S) end   got Packet[LOGIN_SUCCESS] #33 SERVER0 @ site 1 -> TEAM1 @ site 1
260309 045229.111|CONFIG|Thread-12|log|Now logging to /home/shahd/eclipse-workspace/wti1/logs directory.
260309 045229.112|INFO|Thread-12|log|
260309 045229.112|INFO|Thread-12|log|Version 9.10.0 () Java ver 11.0.30 build 7065 Linux 6.8.0-100-generic (amd64) 
260309 045229.113|INFO|Thread-12|log|Login: team1 (aka team1)
260309 045229.113|INFO|Thread-12|log|Working directory is /home/shahd/eclipse-workspace/wti1
260309 045229.113|INFO|Thread-12|log|Process id is 25931@shahoda
260309 045229.118|INFO|Thread-12|log| handlePacket original LOGIN_SUCCESS after -- all settings loaded 
260309 045229.118|INFO|Thread-12|log|handlePacket end Packet[LOGIN_SUCCESS] #44 SERVER0 @ site 1 -> TEAM1 @ site 1
260309 045229.119|INFO|Thread-12|log| receiveObject(S) end   got Packet[LOGIN_SUCCESS] #44 SERVER0 @ site 1 -> TEAM1 @ site 1
260309 050140.064|CONFIG|Thread-17|log|Now logging to /home/shahd/eclipse-workspace/wti1/logs directory.
260309 050140.065|INFO|Thread-17|log|
260309 050140.066|INFO|Thread-17|log|Version 9.10.0 () Java ver 11.0.30 build 7065 Linux 6.8.0-100-generic (amd64) 
260309 050140.066|INFO|Thread-17|log|Login: team1 (aka team1)
260309 050140.066|INFO|Thread-17|log|Working directory is /home/shahd/eclipse-workspace/wti1
260309 050140.067|INFO|Thread-17|log|Process id is 26709@shahoda
260309 050140.068|INFO|Thread-17|log| handlePacket original LOGIN_SUCCESS after -- all settings loaded 
260309 050140.068|INFO|Thread-17|log|handlePacket end Packet[LOGIN_SUCCESS] #54 SERVER0 @ site 1 -> TEAM1 @ site 1
260309 050140.068|INFO|Thread-17|log| receiveObject(S) end   got Packet[LOGIN_SUCCESS] #54 SERVER0 @ site 1 -> TEAM1 @ site 1
260309 050711.080|CONFIG|Thread-13|log|Now logging to /home/shahd/eclipse-workspace/wti1/logs directory.
260309 050711.080|INFO|Thread-13|log|
260309 050711.081|INFO|Thread-13|log|Version 9.10.0 () Java ver 11.0.30 build 7065 Linux 6.8.0-100-generic (amd64) 
260309 050711.081|INFO|Thread-13|log|Login: team1 (aka team1)
260309 050711.081|INFO|Thread-13|log|Working directory is /home/shahd/eclipse-workspace/wti1
260309 050711.082|INFO|Thread-13|log|Process id is 27531@shahoda
260309 050711.082|INFO|Thread-13|log| handlePacket original LOGIN_SUCCESS after -- all settings loaded 
260309 050711.083|INFO|Thread-13|log|handlePacket end Packet[LOGIN_SUCCESS] #66 SERVER0 @ site 1 -> TEAM1 @ site 1
260309 050711.083|INFO|Thread-13|log| receiveObject(S) end   got Packet[LOGIN_SUCCESS] #66 SERVER0 @ site 1 -> TEAM1 @ site 1
260310 014854.972|CONFIG|Thread-13|log|Now logging to /home/shahd/eclipse-workspace/wti1/logs directory.
260310 014854.973|INFO|Thread-13|log|
260310 014854.974|INFO|Thread-13|log|Version 9.10.0 () Java ver 11.0.30 build 7065 Linux 6.8.0-100-generic (amd64) 
260310 014854.974|INFO|Thread-13|log|Login: team1 (aka team1)
260310 014854.974|INFO|Thread-13|log|Working directory is /home/shahd/eclipse-workspace/wti1
260310 014854.974|INFO|Thread-13|log|Process id is 13823@shahoda
260310 014854.976|INFO|Thread-13|log| handlePacket original LOGIN_SUCCESS after -- all settings loaded 
260310 014854.976|INFO|Thread-13|log|handlePacket end Packet[LOGIN_SUCCESS] #2 SERVER0 @ site 1 -> TEAM1 @ site 1
260310 014854.976|INFO|Thread-13|log| receiveObject(S) end   got Packet[LOGIN_SUCCESS] #2 SERVER0 @ site 1 -> TEAM1 @ site 1
260314 040815.216|CONFIG|Thread-13|log|Now logging to /home/shahd/eclipse-workspace/wti1/logs directory.
260314 040815.217|INFO|Thread-13|log|
260314 040815.217|INFO|Thread-13|log|Version 9.10.0 () Java ver 11.0.30 build 7065 Linux 6.8.0-100-generic (amd64) 
260314 040815.218|INFO|Thread-13|log|Login: team1 (aka team1)
260314 040815.218|INFO|Thread-13|log|Working directory is /home/shahd/eclipse-workspace/wti1
260314 040815.218|INFO|Thread-13|log|Process id is 34512@shahoda
260314 040815.219|INFO|Thread-13|log| handlePacket original LOGIN_SUCCESS after -- all settings loaded 
260314 040815.219|INFO|Thread-13|log|handlePacket end Packet[LOGIN_SUCCESS] #2 SERVER0 @ site 1 -> TEAM1 @ site 1
260314 040815.220|INFO|Thread-13|log| receiveObject(S) end   got Packet[LOGIN_SUCCESS] #2 SERVER0 @ site 1 -> TEAM1 @ site 1
260314 042936.219|CONFIG|Thread-13|log|Now logging to /home/shahd/eclipse-workspace/wti1/logs directory.
260314 042936.219|INFO|Thread-13|log|
260314 042936.220|INFO|Thread-13|log|Version 9.10.0 () Java ver 11.0.30 build 7065 Linux 6.8.0-100-generic (amd64) 
260314 042936.220|INFO|Thread-13|log|Login: team1 (aka team1)
260314 042936.220|INFO|Thread-13|log|Working directory is /home/shahd/eclipse-workspace/wti1
260314 042936.221|INFO|Thread-13|log|Process id is 36321@shahoda
260314 042936.221|INFO|Thread-13|log| handlePacket original LOGIN_SUCCESS after -- all settings loaded 
260314 042936.222|INFO|Thread-13|log|handlePacket end Packet[LOGIN_SUCCESS] #7 SERVER0 @ site 1 -> TEAM1 @ site 1
260314 042936.222|INFO|Thread-13|log| receiveObject(S) end   got Packet[LOGIN_SUCCESS] #7 SERVER0 @ site 1 -> TEAM1 @ site 1
260314 044547.260|CONFIG|Thread-13|log|Now logging to /home/shahd/eclipse-workspace/wti1/logs directory.
260314 044547.260|INFO|Thread-13|log|
260314 044547.261|INFO|Thread-13|log|Version 9.10.0 () Java ver 11.0.30 build 7065 Linux 6.8.0-100-generic (amd64) 
260314 044547.261|INFO|Thread-13|log|Login: team1 (aka team1)
260314 044547.261|INFO|Thread-13|log|Working directory is /home/shahd/eclipse-workspace/wti1
260314 044547.262|INFO|Thread-13|log|Process id is 37947@shahoda
260314 044547.263|INFO|Thread-13|log| handlePacket original LOGIN_SUCCESS after -- all settings loaded 
260314 044547.263|INFO|Thread-13|log|handlePacket end Packet[LOGIN_SUCCESS] #12 SERVER0 @ site 1 -> TEAM1 @ site 1
260314 044547.263|INFO|Thread-13|log| receiveObject(S) end   got Packet[LOGIN_SUCCESS] #12 SERVER0 @ site 1 -> TEAM1 @ site 1
260314 045252.991|CONFIG|Thread-13|log|Now logging to /home/shahd/eclipse-workspace/wti1/logs directory.
260314 045252.992|INFO|Thread-13|log|
260314 045252.992|INFO|Thread-13|log|Version 9.10.0 () Java ver 11.0.30 build 7065 Linux 6.8.0-100-generic (amd64) 
260314 045252.992|INFO|Thread-13|log|Login: team1 (aka team1)
260314 045252.993|INFO|Thread-13|log|Working directory is /home/shahd/eclipse-workspace/wti1
260314 045252.993|INFO|Thread-13|log|Process id is 38706@shahoda
260314 045252.994|INFO|Thread-13|log| handlePacket original LOGIN_SUCCESS after -- all settings loaded 
260314 045252.995|INFO|Thread-13|log|handlePacket end Packet[LOGIN_SUCCESS] #17 SERVER0 @ site 1 -> TEAM1 @ site 1
260314 045252.995|INFO|Thread-13|log| receiveObject(S) end   got Packet[LOGIN_SUCCESS] #17 SERVER0 @ site 1 -> TEAM1 @ site 1
260314 045536.757|CONFIG|Thread-13|log|Now logging to /home/shahd/eclipse-workspace/wti1/logs directory.
260314 045536.758|INFO|Thread-13|log|
260314 045536.758|INFO|Thread-13|log|Version 9.10.0 () Java ver 11.0.30 build 7065 Linux 6.8.0-100-generic (amd64) 
260314 045536.759|INFO|Thread-13|log|Login: team1 (aka team1)
260314 045536.759|INFO|Thread-13|log|Working directory is /home/shahd/eclipse-workspace/wti1
260314 045536.759|INFO|Thread-13|log|Process id is 39031@shahoda
260314 045536.760|INFO|Thread-13|log| handlePacket original LOGIN_SUCCESS after -- all settings loaded 
260314 045536.760|INFO|Thread-13|log|handlePacket end Packet[LOGIN_SUCCESS] #22 SERVER0 @ site 1 -> TEAM1 @ site 1
260314 045536.760|INFO|Thread-13|log| receiveObject(S) end   got Packet[LOGIN_SUCCESS] #22 SERVER0 @ site 1 -> TEAM1 @ site 1
260314 045754.570|CONFIG|Thread-13|log|Now logging to /home/shahd/eclipse-workspace/wti1/logs directory.
260314 045754.571|INFO|Thread-13|log|
260314 045754.571|INFO|Thread-13|log|Version 9.10.0 () Java ver 11.0.30 build 7065 Linux 6.8.0-100-generic (amd64) 
260314 045754.571|INFO|Thread-13|log|Login: team1 (aka team1)
260314 045754.572|INFO|Thread-13|log|Working directory is /home/shahd/eclipse-workspace/wti1
260314 045754.572|INFO|Thread-13|log|Process id is 39352@shahoda
260314 045754.573|INFO|Thread-13|log| handlePacket original LOGIN_SUCCESS after -- all settings loaded 
260314 045754.573|INFO|Thread-13|log|handlePacket end Packet[LOGIN_SUCCESS] #27 SERVER0 @ site 1 -> TEAM1 @ site 1
260314 045754.573|INFO|Thread-13|log| receiveObject(S) end   got Packet[LOGIN_SUCCESS] #27 SERVER0 @ site 1 -> TEAM1 @ site 1
260314 051147.023|CONFIG|Thread-17|log|Now logging to /home/shahd/eclipse-workspace/wti1/logs directory.
260314 051147.023|INFO|Thread-17|log|
260314 051147.024|INFO|Thread-17|log|Version 9.10.0 () Java ver 11.0.30 build 7065 Linux 6.8.0-100-generic (amd64) 
260314 051147.024|INFO|Thread-17|log|Login: team1 (aka team1)
260314 051147.024|INFO|Thread-17|log|Working directory is /home/shahd/eclipse-workspace/wti1
260314 051147.025|INFO|Thread-17|log|Process id is 40953@shahoda
260314 051147.025|INFO|Thread-17|log| handlePacket original LOGIN_SUCCESS after -- all settings loaded 
260314 051147.025|INFO|Thread-17|log|handlePacket end Packet[LOGIN_SUCCESS] #40 SERVER0 @ site 1 -> TEAM1 @ site 1
260314 051147.026|INFO|Thread-17|log| receiveObject(S) end   got Packet[LOGIN_SUCCESS] #40 SERVER0 @ site 1 -> TEAM1 @ site 1
260314 052006.380|CONFIG|Thread-13|log|Now logging to /home/shahd/eclipse-workspace/wti1/logs directory.
260314 052006.380|INFO|Thread-13|log|
260314 052006.380|INFO|Thread-13|log|Version 9.10.0 () Java ver 11.0.30 build 7065 Linux 6.8.0-100-generic (amd64) 
260314 052006.381|INFO|Thread-13|log|Login: team1 (aka team1)
260314 052006.381|INFO|Thread-13|log|Working directory is /home/shahd/eclipse-workspace/wti1
260314 052006.382|INFO|Thread-13|log|Process id is 42241@shahoda
260314 052006.382|INFO|Thread-13|log| handlePacket original LOGIN_SUCCESS after -- all settings loaded 
260314 052006.383|INFO|Thread-13|log|handlePacket end Packet[LOGIN_SUCCESS] #46 SERVER0 @ site 1 -> TEAM1 @ site 1
260314 052006.383|INFO|Thread-13|log| receiveObject(S) end   got Packet[LOGIN_SUCCESS] #46 SERVER0 @ site 1 -> TEAM1 @ site 1
260314 052726.310|CONFIG|Thread-13|log|Now logging to /home/shahd/eclipse-workspace/wti1/logs directory.
260314 052726.310|INFO|Thread-13|log|
260314 052726.311|INFO|Thread-13|log|Version 9.10.0 () Java ver 11.0.30 build 7065 Linux 6.8.0-100-generic (amd64) 
260314 052726.311|INFO|Thread-13|log|Login: team1 (aka team1)
260314 052726.311|INFO|Thread-13|log|Working directory is /home/shahd/eclipse-workspace/wti1
260314 052726.312|INFO|Thread-13|log|Process id is 43351@shahoda
260314 052726.312|INFO|Thread-13|log| handlePacket original LOGIN_SUCCESS after -- all settings loaded 
260314 052726.313|INFO|Thread-13|log|handlePacket end Packet[LOGIN_SUCCESS] #51 SERVER0 @ site 1 -> TEAM1 @ site 1
260314 052726.313|INFO|Thread-13|log| receiveObject(S) end   got Packet[LOGIN_SUCCESS] #51 SERVER0 @ site 1 -> TEAM1 @ site 1
260314 052904.548|CONFIG|Thread-13|log|Now logging to /home/shahd/eclipse-workspace/wti1/logs directory.
260314 052904.548|INFO|Thread-13|log|
260314 052904.549|INFO|Thread-13|log|Version 9.10.0 () Java ver 11.0.30 build 7065 Linux 6.8.0-100-generic (amd64) 
260314 052904.549|INFO|Thread-13|log|Login: team1 (aka team1)
260314 052904.550|INFO|Thread-13|log|Working directory is /home/shahd/eclipse-workspace/wti1
260314 052904.550|INFO|Thread-13|log|Process id is 43580@shahoda
260314 052904.551|INFO|Thread-13|log| handlePacket original LOGIN_SUCCESS after -- all settings loaded 
260314 052904.551|INFO|Thread-13|log|handlePacket end Packet[LOGIN_SUCCESS] #56 SERVER0 @ site 1 -> TEAM1 @ site 1
260314 052904.551|INFO|Thread-13|log| receiveObject(S) end   got Packet[LOGIN_SUCCESS] #56 SERVER0 @ site 1 -> TEAM1 @ site 1
260314 053255.905|CONFIG|Thread-13|log|Now logging to /home/shahd/eclipse-workspace/wti1/logs directory.
260314 053255.905|INFO|Thread-13|log|
260314 053255.906|INFO|Thread-13|log|Version 9.10.0 () Java ver 11.0.30 build 7065 Linux 6.8.0-100-generic (amd64) 
260314 053255.906|INFO|Thread-13|log|Login: team1 (aka team1)
260314 053255.907|INFO|Thread-13|log|Working directory is /home/shahd/eclipse-workspace/wti1
260314 053255.907|INFO|Thread-13|log|Process id is 44116@shahoda
260314 053255.907|INFO|Thread-13|log| handlePacket original LOGIN_SUCCESS after -- all settings loaded 
260314 053255.908|INFO|Thread-13|log|handlePacket end Packet[LOGIN_SUCCESS] #61 SERVER0 @ site 1 -> TEAM1 @ site 1
260314 053255.908|INFO|Thread-13|log| receiveObject(S) end   got Packet[LOGIN_SUCCESS] #61 SERVER0 @ site 1 -> TEAM1 @ site 1
260314 053526.127|CONFIG|Thread-13|log|Now logging to /home/shahd/eclipse-workspace/wti1/logs directory.
260314 053526.128|INFO|Thread-13|log|
260314 053526.128|INFO|Thread-13|log|Version 9.10.0 () Java ver 11.0.30 build 7065 Linux 6.8.0-100-generic (amd64) 
260314 053526.128|INFO|Thread-13|log|Login: team1 (aka team1)
260314 053526.129|INFO|Thread-13|log|Working directory is /home/shahd/eclipse-workspace/wti1
260314 053526.129|INFO|Thread-13|log|Process id is 44391@shahoda
260314 053526.130|INFO|Thread-13|log| handlePacket original LOGIN_SUCCESS after -- all settings loaded 
260314 053526.130|INFO|Thread-13|log|handlePacket end Packet[LOGIN_SUCCESS] #66 SERVER0 @ site 1 -> TEAM1 @ site 1
260314 053526.131|INFO|Thread-13|log| receiveObject(S) end   got Packet[LOGIN_SUCCESS] #66 SERVER0 @ site 1 -> TEAM1 @ site 1
260314 053839.122|CONFIG|Thread-13|log|Now logging to /home/shahd/eclipse-workspace/wti1/logs directory.
260314 053839.123|INFO|Thread-13|log|
260314 053839.123|INFO|Thread-13|log|Version 9.10.0 () Java ver 11.0.30 build 7065 Linux 6.8.0-100-generic (amd64) 
260314 053839.123|INFO|Thread-13|log|Login: team1 (aka team1)
260314 053839.123|INFO|Thread-13|log|Working directory is /home/shahd/eclipse-workspace/wti1
260314 053839.124|INFO|Thread-13|log|Process id is 44730@shahoda
260314 053839.125|INFO|Thread-13|log| handlePacket original LOGIN_SUCCESS after -- all settings loaded 
260314 053839.126|INFO|Thread-13|log|handlePacket end Packet[LOGIN_SUCCESS] #71 SERVER0 @ site 1 -> TEAM1 @ site 1
260314 053839.126|INFO|Thread-13|log| receiveObject(S) end   got Packet[LOGIN_SUCCESS] #71 SERVER0 @ site 1 -> TEAM1 @ site 1
260314 054017.820|CONFIG|Thread-13|log|Now logging to /home/shahd/eclipse-workspace/wti1/logs directory.
260314 054017.820|INFO|Thread-13|log|
260314 054017.821|INFO|Thread-13|log|Version 9.10.0 () Java ver 11.0.30 build 7065 Linux 6.8.0-100-generic (amd64) 
260314 054017.821|INFO|Thread-13|log|Login: team1 (aka team1)
260314 054017.821|INFO|Thread-13|log|Working directory is /home/shahd/eclipse-workspace/wti1
260314 054017.822|INFO|Thread-13|log|Process id is 45017@shahoda
260314 054017.822|INFO|Thread-13|log| handlePacket original LOGIN_SUCCESS after -- all settings loaded 
260314 054017.823|INFO|Thread-13|log|handlePacket end Packet[LOGIN_SUCCESS] #76 SERVER0 @ site 1 -> TEAM1 @ site 1
260314 054017.823|INFO|Thread-13|log| receiveObject(S) end   got Packet[LOGIN_SUCCESS] #76 SERVER0 @ site 1 -> TEAM1 @ site 1
260314 054220.188|CONFIG|Thread-13|log|Now logging to /home/shahd/eclipse-workspace/wti1/logs directory.
260314 054220.189|INFO|Thread-13|log|
260314 054220.190|INFO|Thread-13|log|Version 9.10.0 () Java ver 11.0.30 build 7065 Linux 6.8.0-100-generic (amd64) 
260314 054220.190|INFO|Thread-13|log|Login: team1 (aka team1)
260314 054220.190|INFO|Thread-13|log|Working directory is /home/shahd/eclipse-workspace/wti1
260314 054220.191|INFO|Thread-13|log|Process id is 45270@shahoda
260314 054220.191|INFO|Thread-13|log| handlePacket original LOGIN_SUCCESS after -- all settings loaded 
260314 054220.191|INFO|Thread-13|log|handlePacket end Packet[LOGIN_SUCCESS] #84 SERVER0 @ site 1 -> TEAM1 @ site 1
260314 054220.192|INFO|Thread-13|log| receiveObject(S) end   got Packet[LOGIN_SUCCESS] #84 SERVER0 @ site 1 -> TEAM1 @ site 1
260315 204022.663|CONFIG|Thread-13|log|Now logging to /home/shahd/eclipse-workspace/wti1/logs directory.
260315 204022.667|INFO|Thread-13|log|
260315 204022.667|INFO|Thread-13|log|Version 9.10.0 () Java ver 11.0.30 build 7065 Linux 6.8.0-101-generic (amd64) 
260315 204022.667|INFO|Thread-13|log|Login: team1 (aka team1)
260315 204022.667|INFO|Thread-13|log|Working directory is /home/shahd/eclipse-workspace/wti1
260315 204022.668|INFO|Thread-13|log|Process id is 6382@shahoda
260315 204022.668|INFO|Thread-13|log| handlePacket original LOGIN_SUCCESS after -- all settings loaded 
260315 204022.668|INFO|Thread-13|log|handlePacket end Packet[LOGIN_SUCCESS] #2 SERVER0 @ site 1 -> TEAM1 @ site 1
260315 204022.669|INFO|Thread-13|log| receiveObject(S) end   got Packet[LOGIN_SUCCESS] #2 SERVER0 @ site 1 -> TEAM1 @ site 1
260317 192655.489|CONFIG|Thread-13|log|Now logging to /home/shahd/eclipse-workspace/wti1/logs directory.
260317 192655.490|INFO|Thread-13|log|
260317 192655.490|INFO|Thread-13|log|Version 9.10.0 () Java ver 11.0.30 build 7065 Linux 6.8.0-101-generic (amd64) 
260317 192655.490|INFO|Thread-13|log|Login: team1 (aka team1)
260317 192655.491|INFO|Thread-13|log|Working directory is /home/shahd/eclipse-workspace/wti1
260317 192655.491|INFO|Thread-13|log|Process id is 5932@shahoda
260317 192655.492|INFO|Thread-13|log| handlePacket original LOGIN_SUCCESS after -- all settings loaded 
260317 192655.492|INFO|Thread-13|log|handlePacket end Packet[LOGIN_SUCCESS] #5 SERVER0 @ site 1 -> TEAM1 @ site 1
260317 192655.493|INFO|Thread-13|log| receiveObject(S) end   got Packet[LOGIN_SUCCESS] #5 SERVER0 @ site 1 -> TEAM1 @ site 1
260317 192821.023|INFO|Thread-14|log| receiveObject(S) start got Packet[CLOCK_STARTED] #7 SERVER0 @ site 1 -> SERVER0 @ site 0
260317 192821.024|INFO|Thread-14|log|Packet CLOCK_STARTED (Seq #7, o#7 ) recieveObject
260317 192821.024|INFO|Thread-14|log|  From: SERVER0 @ site 1, oSERVER0 @ site 1 (shahoda @ 127.0.1.1) (Contest Id: Default--6159007321590187439)
260317 192821.024|INFO|Thread-14|log|    To: SERVER0 @ site 0
260317 192821.025|INFO|Thread-14|log|   key: SITE_NUMBER is: java.lang.Integer 1
260317 192821.025|INFO|Thread-14|log|   key: CLIENT_ID is: edu.csus.ecs.pc2.core.model.ClientId ADMINISTRATOR1 @ site 1
260317 192821.026|INFO|Thread-14|log|   key: SERVER_CLOCK_OFFSET is: java.util.GregorianCalendar java.util.GregorianCalendar[time=1773768501014,areFieldsSet=true,areAllFieldsSet=false,lenient=true,zone=sun.util.calendar.ZoneInfo[id="GMT",offset=0,dstSavings=0,useDaylight=false,transitions=0,lastRule=null],firstDayOfWeek=1,minimalDaysInFirstWeek=1,ERA=1,YEAR=2026,MONTH=2,WEEK_OF_YEAR=12,WEEK_OF_MONTH=3,DAY_OF_MONTH=17,DAY_OF_YEAR=76,DAY_OF_WEEK=3,DAY_OF_WEEK_IN_MONTH=3,AM_PM=1,HOUR=5,HOUR_OF_DAY=17,MINUTE=28,SECOND=21,MILLISECOND=14,ZONE_OFFSET=0,DST_OFFSET=0]
260317 192821.026|INFO|Thread-14|log|handlePacket start Packet[CLOCK_STARTED] #7 SERVER0 @ site 1 -> SERVER0 @ site 0
260317 192821.026|INFO|Thread-14|log|Packet CLOCK_STARTED (Seq #7, o#7 ) handlePacket
260317 192821.027|INFO|Thread-14|log|  From: SERVER0 @ site 1, oSERVER0 @ site 1 (shahoda @ 127.0.1.1) (Contest Id: Default--6159007321590187439)
260317 192821.027|INFO|Thread-14|log|    To: SERVER0 @ site 0
260317 192821.027|INFO|Thread-14|log|   key: SITE_NUMBER is: java.lang.Integer 1
260317 192821.028|INFO|Thread-14|log|   key: CLIENT_ID is: edu.csus.ecs.pc2.core.model.ClientId ADMINISTRATOR1 @ site 1
260317 192821.028|INFO|Thread-14|log|   key: SERVER_CLOCK_OFFSET is: java.util.GregorianCalendar java.util.GregorianCalendar[time=1773768501014,areFieldsSet=true,areAllFieldsSet=false,lenient=true,zone=sun.util.calendar.ZoneInfo[id="GMT",offset=0,dstSavings=0,useDaylight=false,transitions=0,lastRule=null],firstDayOfWeek=1,minimalDaysInFirstWeek=1,ERA=1,YEAR=2026,MONTH=2,WEEK_OF_YEAR=12,WEEK_OF_MONTH=3,DAY_OF_MONTH=17,DAY_OF_YEAR=76,DAY_OF_WEEK=3,DAY_OF_WEEK_IN_MONTH=3,AM_PM=1,HOUR=5,HOUR_OF_DAY=17,MINUTE=28,SECOND=21,MILLISECOND=14,ZONE_OFFSET=0,DST_OFFSET=0]
260317 192821.029|INFO|Thread-14|log|Clock for site 1 started by ADMINISTRATOR1 @ site 1 elapsed 95:55:20
260317 192821.031|INFO|Thread-14|log| receiveObject(S) end   got Packet[CLOCK_STARTED] #7 SERVER0 @ site 1 -> SERVER0 @ site 0
260317 192924.546|INFO|Thread-15|log| receiveObject(S) start got Packet[CLOCK_STOPPED] #8 SERVER0 @ site 1 -> SERVER0 @ site 0
260317 192924.553|INFO|Thread-15|log|Packet CLOCK_STOPPED (Seq #8, o#8 ) recieveObject
260317 192924.553|INFO|Thread-15|log|  From: SERVER0 @ site 1, oSERVER0 @ site 1 (shahoda @ 127.0.1.1) (Contest Id: Default--6159007321590187439)
260317 192924.554|INFO|Thread-15|log|    To: SERVER0 @ site 0
260317 192924.554|INFO|Thread-15|log|   key: SITE_NUMBER is: java.lang.Integer 1
260317 192924.554|INFO|Thread-15|log|   key: CLIENT_ID is: edu.csus.ecs.pc2.core.model.ClientId ADMINISTRATOR1 @ site 1
260317 192924.555|INFO|Thread-15|log|handlePacket start Packet[CLOCK_STOPPED] #8 SERVER0 @ site 1 -> SERVER0 @ site 0
260317 192924.555|INFO|Thread-15|log|Packet CLOCK_STOPPED (Seq #8, o#8 ) handlePacket
260317 192924.555|INFO|Thread-15|log|  From: SERVER0 @ site 1, oSERVER0 @ site 1 (shahoda @ 127.0.1.1) (Contest Id: Default--6159007321590187439)
260317 192924.556|INFO|Thread-15|log|    To: SERVER0 @ site 0
260317 192924.556|INFO|Thread-15|log|   key: SITE_NUMBER is: java.lang.Integer 1
260317 192924.556|INFO|Thread-15|log|   key: CLIENT_ID is: edu.csus.ecs.pc2.core.model.ClientId ADMINISTRATOR1 @ site 1
260317 192924.559|INFO|Thread-15|log|Clock for site 1 stopped by ADMINISTRATOR1 @ site 1 elapsed 95:56:23
260317 192924.561|INFO|Thread-15|log| receiveObject(S) end   got Packet[CLOCK_STOPPED] #8 SERVER0 @ site 1 -> SERVER0 @ site 0
260317 193918.488|CONFIG|Thread-13|log|Now logging to /home/shahd/eclipse-workspace/wti1/logs directory.
260317 193918.489|INFO|Thread-13|log|
260317 193918.489|INFO|Thread-13|log|Version 9.10.0 () Java ver 11.0.30 build 7065 Linux 6.8.0-101-generic (amd64) 
260317 193918.489|INFO|Thread-13|log|Login: team1 (aka team1)
260317 193918.490|INFO|Thread-13|log|Working directory is /home/shahd/eclipse-workspace/wti1
260317 193918.490|INFO|Thread-13|log|Process id is 8526@shahoda
260317 193918.490|INFO|Thread-13|log| handlePacket original LOGIN_SUCCESS after -- all settings loaded 
260317 193918.491|INFO|Thread-13|log|handlePacket end Packet[LOGIN_SUCCESS] #12 SERVER0 @ site 1 -> TEAM1 @ site 1
260317 193918.491|INFO|Thread-13|log| receiveObject(S) end   got Packet[LOGIN_SUCCESS] #12 SERVER0 @ site 1 -> TEAM1 @ site 1
260317 194436.013|CONFIG|Thread-12|log|Now logging to /home/shahd/eclipse-workspace/wti1/logs directory.
260317 194436.014|INFO|Thread-12|log|
260317 194436.014|INFO|Thread-12|log|Version 9.10.0 () Java ver 11.0.30 build 7065 Linux 6.8.0-101-generic (amd64) 
260317 194436.014|INFO|Thread-12|log|Login: team1 (aka team1)
260317 194436.015|INFO|Thread-12|log|Working directory is /home/shahd/eclipse-workspace/wti1
260317 194436.015|INFO|Thread-12|log|Process id is 9102@shahoda
260317 194436.015|INFO|Thread-12|log| handlePacket original LOGIN_SUCCESS after -- all settings loaded 
260317 194436.016|INFO|Thread-12|log|handlePacket end Packet[LOGIN_SUCCESS] #17 SERVER0 @ site 1 -> TEAM1 @ site 1
260317 194436.016|INFO|Thread-12|log| receiveObject(S) end   got Packet[LOGIN_SUCCESS] #17 SERVER0 @ site 1 -> TEAM1 @ site 1
260318 210434.096|CONFIG|Thread-20|log|Now logging to C:\Users\Shahd\git\2shahds_WCF_2026\logs directory.
260318 210434.097|INFO|Thread-20|log|
260318 210434.102|INFO|Thread-20|log|Version 9.10.0 () Java ver 21.0.8 build 7065 Windows 11 10.0 (amd64) 
260318 210434.102|INFO|Thread-20|log|Login: team1 (aka team1)
260318 210434.103|INFO|Thread-20|log|Working directory is C:\Users\Shahd\git\2shahds_WCF_2026
260318 210434.103|INFO|Thread-20|log|Process id is 27780@DESKTOP-5EPLK95
260318 210434.103|INFO|Thread-20|log| handlePacket original LOGIN_SUCCESS after -- all settings loaded 
260318 210434.103|INFO|Thread-20|log|handlePacket end Packet[LOGIN_SUCCESS] #5 SERVER0 @ site 1 -> TEAM1 @ site 1
260318 210434.103|INFO|Thread-20|log| receiveObject(S) end   got Packet[LOGIN_SUCCESS] #5 SERVER0 @ site 1 -> TEAM1 @ site 1
260318 225124.638|CONFIG|Thread-14|log|Now logging to C:\Users\Lenovo\git\WCF_New_Update\WCF_2026\2shahds_WCF_2026\logs directory.
260318 225124.638|INFO|Thread-14|log|
260318 225124.638|INFO|Thread-14|log|Version 9.10.0 () Java ver 1.8.0_51 build 7065 Windows 8.1 6.3 (amd64) 
260318 225124.639|INFO|Thread-14|log|Login: team1 (aka team1)
260318 225124.639|INFO|Thread-14|log|Working directory is C:\Users\Lenovo\git\WCF_New_Update\WCF_2026\2shahds_WCF_2026
260318 225124.639|INFO|Thread-14|log|Process id is 23428@lilsaados
260318 225124.639|INFO|Thread-14|log| handlePacket original LOGIN_SUCCESS after -- all settings loaded 
260318 225124.639|INFO|Thread-14|log|handlePacket end Packet[LOGIN_SUCCESS] #5 SERVER0 @ site 1 -> TEAM1 @ site 1
260318 225124.639|INFO|Thread-14|log| receiveObject(S) end   got Packet[LOGIN_SUCCESS] #5 SERVER0 @ site 1 -> TEAM1 @ site 1
260318 231645.995|CONFIG|Thread-32|log|Now logging to C:\Users\Lenovo\git\WCF_New_Update\WCF_2026\2shahds_WCF_2026\logs directory.
260318 231645.995|INFO|Thread-32|log|
260318 231645.995|INFO|Thread-32|log|Version 9.10.0 () Java ver 1.8.0_51 build 7065 Windows 8.1 6.3 (amd64) 
260318 231645.996|INFO|Thread-32|log|Login: team1 (aka team1)
260318 231645.996|INFO|Thread-32|log|Working directory is C:\Users\Lenovo\git\WCF_New_Update\WCF_2026\2shahds_WCF_2026
260318 231645.996|INFO|Thread-32|log|Process id is 12720@lilsaados
260318 231645.996|INFO|Thread-32|log| handlePacket original LOGIN_SUCCESS after -- all settings loaded 
260318 231645.996|INFO|Thread-32|log|handlePacket end Packet[LOGIN_SUCCESS] #41 SERVER0 @ site 1 -> TEAM1 @ site 1
260318 231645.996|INFO|Thread-32|log| receiveObject(S) end   got Packet[LOGIN_SUCCESS] #41 SERVER0 @ site 1 -> TEAM1 @ site 1
260319 003549.688|CONFIG|Thread-14|log|Now logging to C:\Users\Lenovo\git\WCF_New_Update\WCF_2026\2shahds_WCF_2026\logs directory.
260319 003549.688|INFO|Thread-14|log|
260319 003549.688|INFO|Thread-14|log|Version 9.10.0 () Java ver 1.8.0_51 build 7065 Windows 8.1 6.3 (amd64) 
260319 003549.688|INFO|Thread-14|log|Login: team1 (aka team1)
260319 003549.689|INFO|Thread-14|log|Working directory is C:\Users\Lenovo\git\WCF_New_Update\WCF_2026\2shahds_WCF_2026
260319 003549.689|INFO|Thread-14|log|Process id is 27160@lilsaados
260319 003549.689|INFO|Thread-14|log| handlePacket original LOGIN_SUCCESS after -- all settings loaded 
260319 003549.689|INFO|Thread-14|log|handlePacket end Packet[LOGIN_SUCCESS] #44 SERVER0 @ site 1 -> TEAM1 @ site 1
260319 003549.689|INFO|Thread-14|log| receiveObject(S) end   got Packet[LOGIN_SUCCESS] #44 SERVER0 @ site 1 -> TEAM1 @ site 1
260319 030109.271|CONFIG|Thread-12|log|Now logging to /home/shahd/eclipse-workspace/wti1/logs directory.
260319 030109.272|INFO|Thread-12|log|
260319 030109.272|INFO|Thread-12|log|Version 9.10.0 () Java ver 11.0.30 build 7065 Linux 6.8.0-101-generic (amd64) 
260319 030109.273|INFO|Thread-12|log|Login: team1 (aka team1)
260319 030109.273|INFO|Thread-12|log|Working directory is /home/shahd/eclipse-workspace/wti1
260319 030109.273|INFO|Thread-12|log|Process id is 9826@shahoda
260319 030109.274|INFO|Thread-12|log| handlePacket original LOGIN_SUCCESS after -- all settings loaded 
260319 030109.274|INFO|Thread-12|log|handlePacket end Packet[LOGIN_SUCCESS] #7 SERVER0 @ site 1 -> TEAM1 @ site 1
260319 030109.275|INFO|Thread-12|log| receiveObject(S) end   got Packet[LOGIN_SUCCESS] #7 SERVER0 @ site 1 -> TEAM1 @ site 1
260326 153857.702|CONFIG|Thread-11|log|Now logging to /home/shahd/eclipse-workspace/wti1/logs directory.
260326 153857.703|INFO|Thread-11|log|
260326 153857.703|INFO|Thread-11|log|Version 9.10.0 () Java ver 11.0.30 build 7065 Linux 6.8.0-106-generic (amd64) 
260326 153857.703|INFO|Thread-11|log|Login: team1 (aka team1)
260326 153857.704|INFO|Thread-11|log|Working directory is /home/shahd/eclipse-workspace/wti1
260326 153857.704|INFO|Thread-11|log|Process id is 7608@shahoda
260326 153857.704|INFO|Thread-11|log| handlePacket original LOGIN_SUCCESS after -- all settings loaded 
260326 153857.705|INFO|Thread-11|log|handlePacket end Packet[LOGIN_SUCCESS] #2 SERVER0 @ site 1 -> TEAM1 @ site 1
260326 153857.705|INFO|Thread-11|log| receiveObject(S) end   got Packet[LOGIN_SUCCESS] #2 SERVER0 @ site 1 -> TEAM1 @ site 1
260326 164542.267|CONFIG|Thread-13|log|Now logging to /home/shahd/eclipse-workspace/wti1/logs directory.
260326 164542.267|INFO|Thread-13|log|
260326 164542.267|INFO|Thread-13|log|Version 9.10.0 () Java ver 11.0.30 build 7065 Linux 6.8.0-106-generic (amd64) 
260326 164542.268|INFO|Thread-13|log|Login: team1 (aka team1)
260326 164542.268|INFO|Thread-13|log|Working directory is /home/shahd/eclipse-workspace/wti1
260326 164542.269|INFO|Thread-13|log|Process id is 13401@shahoda
260326 164542.269|INFO|Thread-13|log| handlePacket original LOGIN_SUCCESS after -- all settings loaded 
260326 164542.270|INFO|Thread-13|log|handlePacket end Packet[LOGIN_SUCCESS] #7 SERVER0 @ site 1 -> TEAM1 @ site 1
260326 164542.270|INFO|Thread-13|log| receiveObject(S) end   got Packet[LOGIN_SUCCESS] #7 SERVER0 @ site 1 -> TEAM1 @ site 1
260326 194829.436|CONFIG|Thread-13|log|Now logging to /home/shahd/eclipse-workspace/wti1/logs directory.
260326 194829.437|INFO|Thread-13|log|
260326 194829.437|INFO|Thread-13|log|Version 9.10.0 () Java ver 11.0.30 build 7065 Linux 6.8.0-106-generic (amd64) 
260326 194829.438|INFO|Thread-13|log|Login: team1 (aka team1)
260326 194829.438|INFO|Thread-13|log|Working directory is /home/shahd/eclipse-workspace/wti1
260326 194829.439|INFO|Thread-13|log|Process id is 31561@shahoda
260326 194829.439|INFO|Thread-13|log| handlePacket original LOGIN_SUCCESS after -- all settings loaded 
260326 194829.440|INFO|Thread-13|log|handlePacket end Packet[LOGIN_SUCCESS] #12 SERVER0 @ site 1 -> TEAM1 @ site 1
260326 194829.440|INFO|Thread-13|log| receiveObject(S) end   got Packet[LOGIN_SUCCESS] #12 SERVER0 @ site 1 -> TEAM1 @ site 1
260326 195016.886|INFO|Thread-14|log| receiveObject(S) start got Packet[UPDATE_SETTING] #17 SERVER0 @ site 1 -> SERVER0 @ site 0
260326 195016.887|INFO|Thread-14|log|Packet UPDATE_SETTING (Seq #17, o#2 ) recieveObject
260326 195016.887|INFO|Thread-14|log|  From: SERVER0 @ site 1, oADMINISTRATOR1 @ site 1 (shahoda @ 127.0.1.1) (Contest Id: Default--6159007321590187439)
260326 195016.887|INFO|Thread-14|log|    To: SERVER0 @ site 0
260326 195016.888|INFO|Thread-14|log|   key: CONTEST_TIME is: edu.csus.ecs.pc2.core.model.ContestTime edu.csus.ecs.pc2.core.model.ContestTime@5e313b39
260326 195016.888|INFO|Thread-14|log|handlePacket start Packet[UPDATE_SETTING] #17 SERVER0 @ site 1 -> SERVER0 @ site 0
260326 195016.888|INFO|Thread-14|log|Packet UPDATE_SETTING (Seq #17, o#2 ) handlePacket
260326 195016.888|INFO|Thread-14|log|  From: SERVER0 @ site 1, oADMINISTRATOR1 @ site 1 (shahoda @ 127.0.1.1) (Contest Id: Default--6159007321590187439)
260326 195016.889|INFO|Thread-14|log|    To: SERVER0 @ site 0
260326 195016.889|INFO|Thread-14|log|   key: CONTEST_TIME is: edu.csus.ecs.pc2.core.model.ContestTime edu.csus.ecs.pc2.core.model.ContestTime@5e313b39
260326 195016.899|INFO|Thread-14|log|handlePacket end Packet[UPDATE_SETTING] #17 SERVER0 @ site 1 -> SERVER0 @ site 0
260326 195016.900|INFO|Thread-14|log| receiveObject(S) end   got Packet[UPDATE_SETTING] #17 SERVER0 @ site 1 -> SERVER0 @ site 0
260326 195016.906|INFO|Thread-15|log| receiveObject(S) start got Packet[UPDATE_SETTING] #18 SERVER0 @ site 1 -> SERVER0 @ site 0
260326 195016.906|INFO|Thread-15|log|Packet UPDATE_SETTING (Seq #18, o#3 ) recieveObject
260326 195016.907|INFO|Thread-15|log|  From: SERVER0 @ site 1, oADMINISTRATOR1 @ site 1 (shahoda @ 127.0.1.1) (Contest Id: Default--6159007321590187439)
260326 195016.907|INFO|Thread-15|log|    To: SERVER0 @ site 0
260326 195016.907|INFO|Thread-15|log|   key: CONTEST_INFORMATION is: edu.csus.ecs.pc2.core.model.ContestInformation edu.csus.ecs.pc2.core.model.ContestInformation@546d2393
260326 195016.908|INFO|Thread-15|log|handlePacket start Packet[UPDATE_SETTING] #18 SERVER0 @ site 1 -> SERVER0 @ site 0
260326 195016.908|INFO|Thread-15|log|Packet UPDATE_SETTING (Seq #18, o#3 ) handlePacket
260326 195016.908|INFO|Thread-15|log|  From: SERVER0 @ site 1, oADMINISTRATOR1 @ site 1 (shahoda @ 127.0.1.1) (Contest Id: Default--6159007321590187439)
260326 195016.908|INFO|Thread-15|log|    To: SERVER0 @ site 0
260326 195016.909|INFO|Thread-15|log|   key: CONTEST_INFORMATION is: edu.csus.ecs.pc2.core.model.ContestInformation edu.csus.ecs.pc2.core.model.ContestInformation@546d2393
260326 195016.910|INFO|Thread-15|log|handlePacket end Packet[UPDATE_SETTING] #18 SERVER0 @ site 1 -> SERVER0 @ site 0
260326 195016.911|INFO|Thread-15|log| receiveObject(S) end   got Packet[UPDATE_SETTING] #18 SERVER0 @ site 1 -> SERVER0 @ site 0
260326 195018.834|INFO|Thread-16|log| receiveObject(S) start got Packet[CLOCK_STARTED] #19 SERVER0 @ site 1 -> SERVER0 @ site 0
260326 195018.834|INFO|Thread-16|log|Packet CLOCK_STARTED (Seq #19, o#19 ) recieveObject
260326 195018.834|INFO|Thread-16|log|  From: SERVER0 @ site 1, oSERVER0 @ site 1 (shahoda @ 127.0.1.1) (Contest Id: Default--6159007321590187439)
260326 195018.835|INFO|Thread-16|log|    To: SERVER0 @ site 0
260326 195018.835|INFO|Thread-16|log|   key: SITE_NUMBER is: java.lang.Integer 1
260326 195018.835|INFO|Thread-16|log|   key: CLIENT_ID is: edu.csus.ecs.pc2.core.model.ClientId ADMINISTRATOR1 @ site 1
260326 195018.836|INFO|Thread-16|log|   key: SERVER_CLOCK_OFFSET is: java.util.GregorianCalendar java.util.GregorianCalendar[time=1774547418826,areFieldsSet=true,areAllFieldsSet=false,lenient=true,zone=sun.util.calendar.ZoneInfo[id="GMT",offset=0,dstSavings=0,useDaylight=false,transitions=0,lastRule=null],firstDayOfWeek=1,minimalDaysInFirstWeek=1,ERA=1,YEAR=2026,MONTH=2,WEEK_OF_YEAR=13,WEEK_OF_MONTH=4,DAY_OF_MONTH=26,DAY_OF_YEAR=85,DAY_OF_WEEK=5,DAY_OF_WEEK_IN_MONTH=4,AM_PM=1,HOUR=5,HOUR_OF_DAY=17,MINUTE=50,SECOND=18,MILLISECOND=826,ZONE_OFFSET=0,DST_OFFSET=0]
260326 195018.836|INFO|Thread-16|log|handlePacket start Packet[CLOCK_STARTED] #19 SERVER0 @ site 1 -> SERVER0 @ site 0
260326 195018.836|INFO|Thread-16|log|Packet CLOCK_STARTED (Seq #19, o#19 ) handlePacket
260326 195018.837|INFO|Thread-16|log|  From: SERVER0 @ site 1, oSERVER0 @ site 1 (shahoda @ 127.0.1.1) (Contest Id: Default--6159007321590187439)
260326 195018.837|INFO|Thread-16|log|    To: SERVER0 @ site 0
260326 195018.837|INFO|Thread-16|log|   key: SITE_NUMBER is: java.lang.Integer 1
260326 195018.837|INFO|Thread-16|log|   key: CLIENT_ID is: edu.csus.ecs.pc2.core.model.ClientId ADMINISTRATOR1 @ site 1
260326 195018.838|INFO|Thread-16|log|   key: SERVER_CLOCK_OFFSET is: java.util.GregorianCalendar java.util.GregorianCalendar[time=1774547418826,areFieldsSet=true,areAllFieldsSet=false,lenient=true,zone=sun.util.calendar.ZoneInfo[id="GMT",offset=0,dstSavings=0,useDaylight=false,transitions=0,lastRule=null],firstDayOfWeek=1,minimalDaysInFirstWeek=1,ERA=1,YEAR=2026,MONTH=2,WEEK_OF_YEAR=13,WEEK_OF_MONTH=4,DAY_OF_MONTH=26,DAY_OF_YEAR=85,DAY_OF_WEEK=5,DAY_OF_WEEK_IN_MONTH=4,AM_PM=1,HOUR=5,HOUR_OF_DAY=17,MINUTE=50,SECOND=18,MILLISECOND=826,ZONE_OFFSET=0,DST_OFFSET=0]
260326 195018.839|INFO|Thread-16|log|Clock for site 1 started by ADMINISTRATOR1 @ site 1 elapsed 0:00:00
260326 195018.839|INFO|Thread-16|log| receiveObject(S) end   got Packet[CLOCK_STARTED] #19 SERVER0 @ site 1 -> SERVER0 @ site 0
260326 195058.242|INFO|Thread-17|log| receiveObject(S) start got Packet[CLOCK_STOPPED] #20 SERVER0 @ site 1 -> SERVER0 @ site 0
260326 195058.242|INFO|Thread-17|log|Packet CLOCK_STOPPED (Seq #20, o#20 ) recieveObject
260326 195058.243|INFO|Thread-17|log|  From: SERVER0 @ site 1, oSERVER0 @ site 1 (shahoda @ 127.0.1.1) (Contest Id: Default--6159007321590187439)
260326 195058.243|INFO|Thread-17|log|    To: SERVER0 @ site 0
260326 195058.243|INFO|Thread-17|log|   key: SITE_NUMBER is: java.lang.Integer 1
260326 195058.244|INFO|Thread-17|log|   key: CLIENT_ID is: edu.csus.ecs.pc2.core.model.ClientId ADMINISTRATOR1 @ site 1
260326 195058.244|INFO|Thread-17|log|handlePacket start Packet[CLOCK_STOPPED] #20 SERVER0 @ site 1 -> SERVER0 @ site 0
260326 195058.244|INFO|Thread-17|log|Packet CLOCK_STOPPED (Seq #20, o#20 ) handlePacket
260326 195058.245|INFO|Thread-17|log|  From: SERVER0 @ site 1, oSERVER0 @ site 1 (shahoda @ 127.0.1.1) (Contest Id: Default--6159007321590187439)
260326 195058.245|INFO|Thread-17|log|    To: SERVER0 @ site 0
260326 195058.245|INFO|Thread-17|log|   key: SITE_NUMBER is: java.lang.Integer 1
260326 195058.246|INFO|Thread-17|log|   key: CLIENT_ID is: edu.csus.ecs.pc2.core.model.ClientId ADMINISTRATOR1 @ site 1
260326 195058.247|INFO|Thread-17|log|Clock for site 1 stopped by ADMINISTRATOR1 @ site 1 elapsed 0:00:39
260326 195058.247|INFO|Thread-17|log| receiveObject(S) end   got Packet[CLOCK_STOPPED] #20 SERVER0 @ site 1 -> SERVER0 @ site 0
260326 195125.040|INFO|Thread-18|log| receiveObject(S) start got Packet[UPDATE_SETTING] #21 SERVER0 @ site 1 -> SERVER0 @ site 0
260326 195125.041|INFO|Thread-18|log|Packet UPDATE_SETTING (Seq #21, o#6 ) recieveObject
260326 195125.041|INFO|Thread-18|log|  From: SERVER0 @ site 1, oADMINISTRATOR1 @ site 1 (shahoda @ 127.0.1.1) (Contest Id: Default--6159007321590187439)
260326 195125.041|INFO|Thread-18|log|    To: SERVER0 @ site 0
260326 195125.041|INFO|Thread-18|log|   key: CONTEST_TIME is: edu.csus.ecs.pc2.core.model.ContestTime edu.csus.ecs.pc2.core.model.ContestTime@2d2cfff7
260326 195125.042|INFO|Thread-18|log|handlePacket start Packet[UPDATE_SETTING] #21 SERVER0 @ site 1 -> SERVER0 @ site 0
260326 195125.042|INFO|Thread-18|log|Packet UPDATE_SETTING (Seq #21, o#6 ) handlePacket
260326 195125.042|INFO|Thread-18|log|  From: SERVER0 @ site 1, oADMINISTRATOR1 @ site 1 (shahoda @ 127.0.1.1) (Contest Id: Default--6159007321590187439)
260326 195125.042|INFO|Thread-18|log|    To: SERVER0 @ site 0
260326 195125.043|INFO|Thread-18|log|   key: CONTEST_TIME is: edu.csus.ecs.pc2.core.model.ContestTime edu.csus.ecs.pc2.core.model.ContestTime@2d2cfff7
260326 195125.044|INFO|Thread-18|log|handlePacket end Packet[UPDATE_SETTING] #21 SERVER0 @ site 1 -> SERVER0 @ site 0
260326 195125.044|INFO|Thread-18|log| receiveObject(S) end   got Packet[UPDATE_SETTING] #21 SERVER0 @ site 1 -> SERVER0 @ site 0
260326 195125.054|INFO|Thread-19|log| receiveObject(S) start got Packet[UPDATE_SETTING] #22 SERVER0 @ site 1 -> SERVER0 @ site 0
260326 195125.055|INFO|Thread-19|log|Packet UPDATE_SETTING (Seq #22, o#7 ) recieveObject
260326 195125.055|INFO|Thread-19|log|  From: SERVER0 @ site 1, oADMINISTRATOR1 @ site 1 (shahoda @ 127.0.1.1) (Contest Id: Default--6159007321590187439)
260326 195125.055|INFO|Thread-19|log|    To: SERVER0 @ site 0
260326 195125.055|INFO|Thread-19|log|   key: CONTEST_INFORMATION is: edu.csus.ecs.pc2.core.model.ContestInformation edu.csus.ecs.pc2.core.model.ContestInformation@27f5dfd9
260326 195125.055|INFO|Thread-19|log|handlePacket start Packet[UPDATE_SETTING] #22 SERVER0 @ site 1 -> SERVER0 @ site 0
260326 195125.056|INFO|Thread-19|log|Packet UPDATE_SETTING (Seq #22, o#7 ) handlePacket
260326 195125.056|INFO|Thread-19|log|  From: SERVER0 @ site 1, oADMINISTRATOR1 @ site 1 (shahoda @ 127.0.1.1) (Contest Id: Default--6159007321590187439)
260326 195125.056|INFO|Thread-19|log|    To: SERVER0 @ site 0
260326 195125.056|INFO|Thread-19|log|   key: CONTEST_INFORMATION is: edu.csus.ecs.pc2.core.model.ContestInformation edu.csus.ecs.pc2.core.model.ContestInformation@27f5dfd9
260326 195125.057|INFO|Thread-19|log|handlePacket end Packet[UPDATE_SETTING] #22 SERVER0 @ site 1 -> SERVER0 @ site 0
260326 195125.058|INFO|Thread-19|log| receiveObject(S) end   got Packet[UPDATE_SETTING] #22 SERVER0 @ site 1 -> SERVER0 @ site 0
260326 195132.521|INFO|Thread-20|log| receiveObject(S) start got Packet[CLOCK_STARTED] #23 SERVER0 @ site 1 -> SERVER0 @ site 0
260326 195132.521|INFO|Thread-20|log|Packet CLOCK_STARTED (Seq #23, o#23 ) recieveObject
260326 195132.522|INFO|Thread-20|log|  From: SERVER0 @ site 1, oSERVER0 @ site 1 (shahoda @ 127.0.1.1) (Contest Id: Default--6159007321590187439)
260326 195132.522|INFO|Thread-20|log|    To: SERVER0 @ site 0
260326 195132.522|INFO|Thread-20|log|   key: SITE_NUMBER is: java.lang.Integer 1
260326 195132.523|INFO|Thread-20|log|   key: CLIENT_ID is: edu.csus.ecs.pc2.core.model.ClientId ADMINISTRATOR1 @ site 1
260326 195132.523|INFO|Thread-20|log|   key: SERVER_CLOCK_OFFSET is: java.util.GregorianCalendar java.util.GregorianCalendar[time=1774547492512,areFieldsSet=true,areAllFieldsSet=false,lenient=true,zone=sun.util.calendar.ZoneInfo[id="GMT",offset=0,dstSavings=0,useDaylight=false,transitions=0,lastRule=null],firstDayOfWeek=1,minimalDaysInFirstWeek=1,ERA=1,YEAR=2026,MONTH=2,WEEK_OF_YEAR=13,WEEK_OF_MONTH=4,DAY_OF_MONTH=26,DAY_OF_YEAR=85,DAY_OF_WEEK=5,DAY_OF_WEEK_IN_MONTH=4,AM_PM=1,HOUR=5,HOUR_OF_DAY=17,MINUTE=51,SECOND=32,MILLISECOND=512,ZONE_OFFSET=0,DST_OFFSET=0]
260326 195132.523|INFO|Thread-20|log|handlePacket start Packet[CLOCK_STARTED] #23 SERVER0 @ site 1 -> SERVER0 @ site 0
260326 195132.523|INFO|Thread-20|log|Packet CLOCK_STARTED (Seq #23, o#23 ) handlePacket
260326 195132.524|INFO|Thread-20|log|  From: SERVER0 @ site 1, oSERVER0 @ site 1 (shahoda @ 127.0.1.1) (Contest Id: Default--6159007321590187439)
260326 195132.524|INFO|Thread-20|log|    To: SERVER0 @ site 0
260326 195132.524|INFO|Thread-20|log|   key: SITE_NUMBER is: java.lang.Integer 1
260326 195132.525|INFO|Thread-20|log|   key: CLIENT_ID is: edu.csus.ecs.pc2.core.model.ClientId ADMINISTRATOR1 @ site 1
260326 195132.525|INFO|Thread-20|log|   key: SERVER_CLOCK_OFFSET is: java.util.GregorianCalendar java.util.GregorianCalendar[time=1774547492512,areFieldsSet=true,areAllFieldsSet=false,lenient=true,zone=sun.util.calendar.ZoneInfo[id="GMT",offset=0,dstSavings=0,useDaylight=false,transitions=0,lastRule=null],firstDayOfWeek=1,minimalDaysInFirstWeek=1,ERA=1,YEAR=2026,MONTH=2,WEEK_OF_YEAR=13,WEEK_OF_MONTH=4,DAY_OF_MONTH=26,DAY_OF_YEAR=85,DAY_OF_WEEK=5,DAY_OF_WEEK_IN_MONTH=4,AM_PM=1,HOUR=5,HOUR_OF_DAY=17,MINUTE=51,SECOND=32,MILLISECOND=512,ZONE_OFFSET=0,DST_OFFSET=0]
260326 195132.527|INFO|Thread-20|log|Clock for site 1 started by ADMINISTRATOR1 @ site 1 elapsed 0:00:00
260326 195132.528|INFO|Thread-20|log| receiveObject(S) end   got Packet[CLOCK_STARTED] #23 SERVER0 @ site 1 -> SERVER0 @ site 0
260326 201811.905|CONFIG|Thread-12|log|Now logging to /home/shahd/eclipse-workspace/wti1/logs directory.
260326 201811.906|INFO|Thread-12|log|
260326 201811.906|INFO|Thread-12|log|Version 9.10.0 () Java ver 11.0.30 build 7065 Linux 6.8.0-106-generic (amd64) 
260326 201811.907|INFO|Thread-12|log|Login: team1 (aka team1)
260326 201811.907|INFO|Thread-12|log|Working directory is /home/shahd/eclipse-workspace/wti1
260326 201811.908|INFO|Thread-12|log|Process id is 35250@shahoda
260326 201811.908|INFO|Thread-12|log| handlePacket original LOGIN_SUCCESS after -- all settings loaded 
260326 201811.909|INFO|Thread-12|log|handlePacket end Packet[LOGIN_SUCCESS] #27 SERVER0 @ site 1 -> TEAM1 @ site 1
260326 201811.909|INFO|Thread-12|log| receiveObject(S) end   got Packet[LOGIN_SUCCESS] #27 SERVER0 @ site 1 -> TEAM1 @ site 1
260326 201848.792|INFO|Thread-13|log| receiveObject(S) start got Packet[CLOCK_STOPPED] #29 SERVER0 @ site 1 -> SERVER0 @ site 0
260326 201848.792|INFO|Thread-13|log|Packet CLOCK_STOPPED (Seq #29, o#29 ) recieveObject
260326 201848.793|INFO|Thread-13|log|  From: SERVER0 @ site 1, oSERVER0 @ site 1 (shahoda @ 127.0.1.1) (Contest Id: Default--6159007321590187439)
260326 201848.793|INFO|Thread-13|log|    To: SERVER0 @ site 0
260326 201848.793|INFO|Thread-13|log|   key: SITE_NUMBER is: java.lang.Integer 1
260326 201848.793|INFO|Thread-13|log|   key: CLIENT_ID is: edu.csus.ecs.pc2.core.model.ClientId ADMINISTRATOR1 @ site 1
260326 201848.794|INFO|Thread-13|log|handlePacket start Packet[CLOCK_STOPPED] #29 SERVER0 @ site 1 -> SERVER0 @ site 0
260326 201848.794|INFO|Thread-13|log|Packet CLOCK_STOPPED (Seq #29, o#29 ) handlePacket
260326 201848.794|INFO|Thread-13|log|  From: SERVER0 @ site 1, oSERVER0 @ site 1 (shahoda @ 127.0.1.1) (Contest Id: Default--6159007321590187439)
260326 201848.795|INFO|Thread-13|log|    To: SERVER0 @ site 0
260326 201848.796|INFO|Thread-13|log|   key: SITE_NUMBER is: java.lang.Integer 1
260326 201848.796|INFO|Thread-13|log|   key: CLIENT_ID is: edu.csus.ecs.pc2.core.model.ClientId ADMINISTRATOR1 @ site 1
260326 201848.805|INFO|Thread-13|log|Clock for site 1 stopped by ADMINISTRATOR1 @ site 1 elapsed 0:27:16
260326 201848.805|INFO|Thread-13|log| receiveObject(S) end   got Packet[CLOCK_STOPPED] #29 SERVER0 @ site 1 -> SERVER0 @ site 0
260326 201852.915|INFO|Thread-14|log| receiveObject(S) start got Packet[CLOCK_STARTED] #30 SERVER0 @ site 1 -> SERVER0 @ site 0
260326 201852.916|INFO|Thread-14|log|Packet CLOCK_STARTED (Seq #30, o#30 ) recieveObject
260326 201852.916|INFO|Thread-14|log|  From: SERVER0 @ site 1, oSERVER0 @ site 1 (shahoda @ 127.0.1.1) (Contest Id: Default--6159007321590187439)
260326 201852.917|INFO|Thread-14|log|    To: SERVER0 @ site 0
260326 201852.917|INFO|Thread-14|log|   key: SITE_NUMBER is: java.lang.Integer 1
260326 201852.917|INFO|Thread-14|log|   key: CLIENT_ID is: edu.csus.ecs.pc2.core.model.ClientId ADMINISTRATOR1 @ site 1
260326 201852.918|INFO|Thread-14|log|   key: SERVER_CLOCK_OFFSET is: java.util.GregorianCalendar java.util.GregorianCalendar[time=1774549132908,areFieldsSet=true,areAllFieldsSet=false,lenient=true,zone=sun.util.calendar.ZoneInfo[id="GMT",offset=0,dstSavings=0,useDaylight=false,transitions=0,lastRule=null],firstDayOfWeek=1,minimalDaysInFirstWeek=1,ERA=1,YEAR=2026,MONTH=2,WEEK_OF_YEAR=13,WEEK_OF_MONTH=4,DAY_OF_MONTH=26,DAY_OF_YEAR=85,DAY_OF_WEEK=5,DAY_OF_WEEK_IN_MONTH=4,AM_PM=1,HOUR=6,HOUR_OF_DAY=18,MINUTE=18,SECOND=52,MILLISECOND=908,ZONE_OFFSET=0,DST_OFFSET=0]
260326 201852.918|INFO|Thread-14|log|handlePacket start Packet[CLOCK_STARTED] #30 SERVER0 @ site 1 -> SERVER0 @ site 0
260326 201852.918|INFO|Thread-14|log|Packet CLOCK_STARTED (Seq #30, o#30 ) handlePacket
260326 201852.918|INFO|Thread-14|log|  From: SERVER0 @ site 1, oSERVER0 @ site 1 (shahoda @ 127.0.1.1) (Contest Id: Default--6159007321590187439)
260326 201852.919|INFO|Thread-14|log|    To: SERVER0 @ site 0
260326 201852.920|INFO|Thread-14|log|   key: SITE_NUMBER is: java.lang.Integer 1
260326 201852.921|INFO|Thread-14|log|   key: CLIENT_ID is: edu.csus.ecs.pc2.core.model.ClientId ADMINISTRATOR1 @ site 1
260326 201852.921|INFO|Thread-14|log|   key: SERVER_CLOCK_OFFSET is: java.util.GregorianCalendar java.util.GregorianCalendar[time=1774549132908,areFieldsSet=true,areAllFieldsSet=false,lenient=true,zone=sun.util.calendar.ZoneInfo[id="GMT",offset=0,dstSavings=0,useDaylight=false,transitions=0,lastRule=null],firstDayOfWeek=1,minimalDaysInFirstWeek=1,ERA=1,YEAR=2026,MONTH=2,WEEK_OF_YEAR=13,WEEK_OF_MONTH=4,DAY_OF_MONTH=26,DAY_OF_YEAR=85,DAY_OF_WEEK=5,DAY_OF_WEEK_IN_MONTH=4,AM_PM=1,HOUR=6,HOUR_OF_DAY=18,MINUTE=18,SECOND=52,MILLISECOND=908,ZONE_OFFSET=0,DST_OFFSET=0]
260326 201852.923|INFO|Thread-14|log|Clock for site 1 started by ADMINISTRATOR1 @ site 1 elapsed 0:27:16
260326 201852.923|INFO|Thread-14|log| receiveObject(S) end   got Packet[CLOCK_STARTED] #30 SERVER0 @ site 1 -> SERVER0 @ site 0
260326 201935.342|INFO|Thread-15|log| receiveObject(S) start got Packet[CLOCK_STOPPED] #31 SERVER0 @ site 1 -> SERVER0 @ site 0
260326 201935.343|INFO|Thread-15|log|Packet CLOCK_STOPPED (Seq #31, o#31 ) recieveObject
260326 201935.343|INFO|Thread-15|log|  From: SERVER0 @ site 1, oSERVER0 @ site 1 (shahoda @ 127.0.1.1) (Contest Id: Default--6159007321590187439)
260326 201935.344|INFO|Thread-15|log|    To: SERVER0 @ site 0
260326 201935.344|INFO|Thread-15|log|   key: SITE_NUMBER is: java.lang.Integer 1
260326 201935.344|INFO|Thread-15|log|   key: CLIENT_ID is: edu.csus.ecs.pc2.core.model.ClientId ADMINISTRATOR1 @ site 1
260326 201935.345|INFO|Thread-15|log|handlePacket start Packet[CLOCK_STOPPED] #31 SERVER0 @ site 1 -> SERVER0 @ site 0
260326 201935.345|INFO|Thread-15|log|Packet CLOCK_STOPPED (Seq #31, o#31 ) handlePacket
260326 201935.345|INFO|Thread-15|log|  From: SERVER0 @ site 1, oSERVER0 @ site 1 (shahoda @ 127.0.1.1) (Contest Id: Default--6159007321590187439)
260326 201935.346|INFO|Thread-15|log|    To: SERVER0 @ site 0
260326 201935.346|INFO|Thread-15|log|   key: SITE_NUMBER is: java.lang.Integer 1
260326 201935.346|INFO|Thread-15|log|   key: CLIENT_ID is: edu.csus.ecs.pc2.core.model.ClientId ADMINISTRATOR1 @ site 1
260326 201935.348|INFO|Thread-15|log|Clock for site 1 stopped by ADMINISTRATOR1 @ site 1 elapsed 0:27:58
260326 201935.349|INFO|Thread-15|log| receiveObject(S) end   got Packet[CLOCK_STOPPED] #31 SERVER0 @ site 1 -> SERVER0 @ site 0
260326 202428.590|CONFIG|Thread-12|log|Now logging to /home/shahd/eclipse-workspace/wti1/logs directory.
260326 202428.590|INFO|Thread-12|log|
260326 202428.590|INFO|Thread-12|log|Version 9.10.0 () Java ver 11.0.30 build 7065 Linux 6.8.0-106-generic (amd64) 
260326 202428.591|INFO|Thread-12|log|Login: team1 (aka team1)
260326 202428.591|INFO|Thread-12|log|Working directory is /home/shahd/eclipse-workspace/wti1
260326 202428.591|INFO|Thread-12|log|Process id is 35790@shahoda
260326 202428.592|INFO|Thread-12|log| handlePacket original LOGIN_SUCCESS after -- all settings loaded 
260326 202428.592|INFO|Thread-12|log|handlePacket end Packet[LOGIN_SUCCESS] #35 SERVER0 @ site 1 -> TEAM1 @ site 1
260326 202428.592|INFO|Thread-12|log| receiveObject(S) end   got Packet[LOGIN_SUCCESS] #35 SERVER0 @ site 1 -> TEAM1 @ site 1
260326 202447.105|INFO|Thread-13|log| receiveObject(S) start got Packet[CLOCK_STARTED] #37 SERVER0 @ site 1 -> SERVER0 @ site 0
260326 202447.105|INFO|Thread-13|log|Packet CLOCK_STARTED (Seq #37, o#37 ) recieveObject
260326 202447.106|INFO|Thread-13|log|  From: SERVER0 @ site 1, oSERVER0 @ site 1 (shahoda @ 127.0.1.1) (Contest Id: Default--6159007321590187439)
260326 202447.106|INFO|Thread-13|log|    To: SERVER0 @ site 0
260326 202447.106|INFO|Thread-13|log|   key: SITE_NUMBER is: java.lang.Integer 1
260326 202447.107|INFO|Thread-13|log|   key: CLIENT_ID is: edu.csus.ecs.pc2.core.model.ClientId ADMINISTRATOR1 @ site 1
260326 202447.107|INFO|Thread-13|log|   key: SERVER_CLOCK_OFFSET is: java.util.GregorianCalendar java.util.GregorianCalendar[time=1774549487096,areFieldsSet=true,areAllFieldsSet=false,lenient=true,zone=sun.util.calendar.ZoneInfo[id="GMT",offset=0,dstSavings=0,useDaylight=false,transitions=0,lastRule=null],firstDayOfWeek=1,minimalDaysInFirstWeek=1,ERA=1,YEAR=2026,MONTH=2,WEEK_OF_YEAR=13,WEEK_OF_MONTH=4,DAY_OF_MONTH=26,DAY_OF_YEAR=85,DAY_OF_WEEK=5,DAY_OF_WEEK_IN_MONTH=4,AM_PM=1,HOUR=6,HOUR_OF_DAY=18,MINUTE=24,SECOND=47,MILLISECOND=96,ZONE_OFFSET=0,DST_OFFSET=0]
260326 202447.108|INFO|Thread-13|log|handlePacket start Packet[CLOCK_STARTED] #37 SERVER0 @ site 1 -> SERVER0 @ site 0
260326 202447.108|INFO|Thread-13|log|Packet CLOCK_STARTED (Seq #37, o#37 ) handlePacket
260326 202447.108|INFO|Thread-13|log|  From: SERVER0 @ site 1, oSERVER0 @ site 1 (shahoda @ 127.0.1.1) (Contest Id: Default--6159007321590187439)
260326 202447.108|INFO|Thread-13|log|    To: SERVER0 @ site 0
260326 202447.109|INFO|Thread-13|log|   key: SITE_NUMBER is: java.lang.Integer 1
260326 202447.109|INFO|Thread-13|log|   key: CLIENT_ID is: edu.csus.ecs.pc2.core.model.ClientId ADMINISTRATOR1 @ site 1
260326 202447.109|INFO|Thread-13|log|   key: SERVER_CLOCK_OFFSET is: java.util.GregorianCalendar java.util.GregorianCalendar[time=1774549487096,areFieldsSet=true,areAllFieldsSet=false,lenient=true,zone=sun.util.calendar.ZoneInfo[id="GMT",offset=0,dstSavings=0,useDaylight=false,transitions=0,lastRule=null],firstDayOfWeek=1,minimalDaysInFirstWeek=1,ERA=1,YEAR=2026,MONTH=2,WEEK_OF_YEAR=13,WEEK_OF_MONTH=4,DAY_OF_MONTH=26,DAY_OF_YEAR=85,DAY_OF_WEEK=5,DAY_OF_WEEK_IN_MONTH=4,AM_PM=1,HOUR=6,HOUR_OF_DAY=18,MINUTE=24,SECOND=47,MILLISECOND=96,ZONE_OFFSET=0,DST_OFFSET=0]
260326 202447.118|INFO|Thread-13|log|Clock for site 1 started by ADMINISTRATOR1 @ site 1 elapsed 0:27:58
260326 202447.119|INFO|Thread-13|log| receiveObject(S) end   got Packet[CLOCK_STARTED] #37 SERVER0 @ site 1 -> SERVER0 @ site 0
260326 202455.259|INFO|Thread-14|log| receiveObject(S) start got Packet[CLOCK_STOPPED] #38 SERVER0 @ site 1 -> SERVER0 @ site 0
260326 202455.260|INFO|Thread-14|log|Packet CLOCK_STOPPED (Seq #38, o#38 ) recieveObject
260326 202455.260|INFO|Thread-14|log|  From: SERVER0 @ site 1, oSERVER0 @ site 1 (shahoda @ 127.0.1.1) (Contest Id: Default--6159007321590187439)
260326 202455.260|INFO|Thread-14|log|    To: SERVER0 @ site 0
260326 202455.261|INFO|Thread-14|log|   key: SITE_NUMBER is: java.lang.Integer 1
260326 202455.261|INFO|Thread-14|log|   key: CLIENT_ID is: edu.csus.ecs.pc2.core.model.ClientId ADMINISTRATOR1 @ site 1
260326 202455.261|INFO|Thread-14|log|handlePacket start Packet[CLOCK_STOPPED] #38 SERVER0 @ site 1 -> SERVER0 @ site 0
260326 202455.261|INFO|Thread-14|log|Packet CLOCK_STOPPED (Seq #38, o#38 ) handlePacket
260326 202455.262|INFO|Thread-14|log|  From: SERVER0 @ site 1, oSERVER0 @ site 1 (shahoda @ 127.0.1.1) (Contest Id: Default--6159007321590187439)
260326 202455.262|INFO|Thread-14|log|    To: SERVER0 @ site 0
260326 202455.262|INFO|Thread-14|log|   key: SITE_NUMBER is: java.lang.Integer 1
260326 202455.262|INFO|Thread-14|log|   key: CLIENT_ID is: edu.csus.ecs.pc2.core.model.ClientId ADMINISTRATOR1 @ site 1
260326 202455.266|INFO|Thread-14|log|Clock for site 1 stopped by ADMINISTRATOR1 @ site 1 elapsed 0:28:06
260326 202455.266|INFO|Thread-14|log| receiveObject(S) end   got Packet[CLOCK_STOPPED] #38 SERVER0 @ site 1 -> SERVER0 @ site 0
260326 202713.253|CONFIG|Thread-13|log|Now logging to /home/shahd/eclipse-workspace/wti1/logs directory.
260326 202713.253|INFO|Thread-13|log|
260326 202713.254|INFO|Thread-13|log|Version 9.10.0 () Java ver 11.0.30 build 7065 Linux 6.8.0-106-generic (amd64) 
260326 202713.254|INFO|Thread-13|log|Login: team1 (aka team1)
260326 202713.254|INFO|Thread-13|log|Working directory is /home/shahd/eclipse-workspace/wti1
260326 202713.255|INFO|Thread-13|log|Process id is 36144@shahoda
260326 202713.255|INFO|Thread-13|log| handlePacket original LOGIN_SUCCESS after -- all settings loaded 
260326 202713.255|INFO|Thread-13|log|handlePacket end Packet[LOGIN_SUCCESS] #42 SERVER0 @ site 1 -> TEAM1 @ site 1
260326 202713.256|INFO|Thread-13|log| receiveObject(S) end   got Packet[LOGIN_SUCCESS] #42 SERVER0 @ site 1 -> TEAM1 @ site 1
260326 202735.577|INFO|Thread-14|log| receiveObject(S) start got Packet[CLOCK_STARTED] #44 SERVER0 @ site 1 -> SERVER0 @ site 0
260326 202735.578|INFO|Thread-14|log|Packet CLOCK_STARTED (Seq #44, o#44 ) recieveObject
260326 202735.578|INFO|Thread-14|log|  From: SERVER0 @ site 1, oSERVER0 @ site 1 (shahoda @ 127.0.1.1) (Contest Id: Default--6159007321590187439)
260326 202735.579|INFO|Thread-14|log|    To: SERVER0 @ site 0
260326 202735.579|INFO|Thread-14|log|   key: SITE_NUMBER is: java.lang.Integer 1
260326 202735.580|INFO|Thread-14|log|   key: CLIENT_ID is: edu.csus.ecs.pc2.core.model.ClientId ADMINISTRATOR1 @ site 1
260326 202735.580|INFO|Thread-14|log|   key: SERVER_CLOCK_OFFSET is: java.util.GregorianCalendar java.util.GregorianCalendar[time=1774549655569,areFieldsSet=true,areAllFieldsSet=false,lenient=true,zone=sun.util.calendar.ZoneInfo[id="GMT",offset=0,dstSavings=0,useDaylight=false,transitions=0,lastRule=null],firstDayOfWeek=1,minimalDaysInFirstWeek=1,ERA=1,YEAR=2026,MONTH=2,WEEK_OF_YEAR=13,WEEK_OF_MONTH=4,DAY_OF_MONTH=26,DAY_OF_YEAR=85,DAY_OF_WEEK=5,DAY_OF_WEEK_IN_MONTH=4,AM_PM=1,HOUR=6,HOUR_OF_DAY=18,MINUTE=27,SECOND=35,MILLISECOND=569,ZONE_OFFSET=0,DST_OFFSET=0]
260326 202735.580|INFO|Thread-14|log|handlePacket start Packet[CLOCK_STARTED] #44 SERVER0 @ site 1 -> SERVER0 @ site 0
260326 202735.581|INFO|Thread-14|log|Packet CLOCK_STARTED (Seq #44, o#44 ) handlePacket
260326 202735.581|INFO|Thread-14|log|  From: SERVER0 @ site 1, oSERVER0 @ site 1 (shahoda @ 127.0.1.1) (Contest Id: Default--6159007321590187439)
260326 202735.581|INFO|Thread-14|log|    To: SERVER0 @ site 0
260326 202735.582|INFO|Thread-14|log|   key: SITE_NUMBER is: java.lang.Integer 1
260326 202735.582|INFO|Thread-14|log|   key: CLIENT_ID is: edu.csus.ecs.pc2.core.model.ClientId ADMINISTRATOR1 @ site 1
260326 202735.582|INFO|Thread-14|log|   key: SERVER_CLOCK_OFFSET is: java.util.GregorianCalendar java.util.GregorianCalendar[time=1774549655569,areFieldsSet=true,areAllFieldsSet=false,lenient=true,zone=sun.util.calendar.ZoneInfo[id="GMT",offset=0,dstSavings=0,useDaylight=false,transitions=0,lastRule=null],firstDayOfWeek=1,minimalDaysInFirstWeek=1,ERA=1,YEAR=2026,MONTH=2,WEEK_OF_YEAR=13,WEEK_OF_MONTH=4,DAY_OF_MONTH=26,DAY_OF_YEAR=85,DAY_OF_WEEK=5,DAY_OF_WEEK_IN_MONTH=4,AM_PM=1,HOUR=6,HOUR_OF_DAY=18,MINUTE=27,SECOND=35,MILLISECOND=569,ZONE_OFFSET=0,DST_OFFSET=0]
260326 202735.583|INFO|Thread-14|log|Clock for site 1 started by ADMINISTRATOR1 @ site 1 elapsed 0:28:06
260326 202735.584|INFO|Thread-14|log| receiveObject(S) end   got Packet[CLOCK_STARTED] #44 SERVER0 @ site 1 -> SERVER0 @ site 0
260326 202739.830|INFO|Thread-15|log| receiveObject(S) start got Packet[CLOCK_STARTED] #45 SERVER0 @ site 1 -> SERVER0 @ site 0
260326 202739.830|INFO|Thread-15|log|Packet CLOCK_STARTED (Seq #45, o#45 ) recieveObject
260326 202739.831|INFO|Thread-15|log|  From: SERVER0 @ site 1, oSERVER0 @ site 1 (shahoda @ 127.0.1.1) (Contest Id: Default--6159007321590187439)
260326 202739.831|INFO|Thread-15|log|    To: SERVER0 @ site 0
260326 202739.831|INFO|Thread-15|log|   key: SITE_NUMBER is: java.lang.Integer 1
260326 202739.832|INFO|Thread-15|log|   key: CLIENT_ID is: edu.csus.ecs.pc2.core.model.ClientId ADMINISTRATOR1 @ site 1
260326 202739.832|INFO|Thread-15|log|   key: SERVER_CLOCK_OFFSET is: java.util.GregorianCalendar java.util.GregorianCalendar[time=1774549659822,areFieldsSet=true,areAllFieldsSet=false,lenient=true,zone=sun.util.calendar.ZoneInfo[id="GMT",offset=0,dstSavings=0,useDaylight=false,transitions=0,lastRule=null],firstDayOfWeek=1,minimalDaysInFirstWeek=1,ERA=1,YEAR=2026,MONTH=2,WEEK_OF_YEAR=13,WEEK_OF_MONTH=4,DAY_OF_MONTH=26,DAY_OF_YEAR=85,DAY_OF_WEEK=5,DAY_OF_WEEK_IN_MONTH=4,AM_PM=1,HOUR=6,HOUR_OF_DAY=18,MINUTE=27,SECOND=39,MILLISECOND=822,ZONE_OFFSET=0,DST_OFFSET=0]
260326 202739.832|INFO|Thread-15|log|handlePacket start Packet[CLOCK_STARTED] #45 SERVER0 @ site 1 -> SERVER0 @ site 0
260326 202739.833|INFO|Thread-15|log|Packet CLOCK_STARTED (Seq #45, o#45 ) handlePacket
260326 202739.833|INFO|Thread-15|log|  From: SERVER0 @ site 1, oSERVER0 @ site 1 (shahoda @ 127.0.1.1) (Contest Id: Default--6159007321590187439)
260326 202739.833|INFO|Thread-15|log|    To: SERVER0 @ site 0
260326 202739.833|INFO|Thread-15|log|   key: SITE_NUMBER is: java.lang.Integer 1
260326 202739.834|INFO|Thread-15|log|   key: CLIENT_ID is: edu.csus.ecs.pc2.core.model.ClientId ADMINISTRATOR1 @ site 1
260326 202739.834|INFO|Thread-15|log|   key: SERVER_CLOCK_OFFSET is: java.util.GregorianCalendar java.util.GregorianCalendar[time=1774549659822,areFieldsSet=true,areAllFieldsSet=false,lenient=true,zone=sun.util.calendar.ZoneInfo[id="GMT",offset=0,dstSavings=0,useDaylight=false,transitions=0,lastRule=null],firstDayOfWeek=1,minimalDaysInFirstWeek=1,ERA=1,YEAR=2026,MONTH=2,WEEK_OF_YEAR=13,WEEK_OF_MONTH=4,DAY_OF_MONTH=26,DAY_OF_YEAR=85,DAY_OF_WEEK=5,DAY_OF_WEEK_IN_MONTH=4,AM_PM=1,HOUR=6,HOUR_OF_DAY=18,MINUTE=27,SECOND=39,MILLISECOND=822,ZONE_OFFSET=0,DST_OFFSET=0]
260326 202739.834|INFO|Thread-15|log|Clock for site 1 started by ADMINISTRATOR1 @ site 1 elapsed 0:28:10
260326 202739.835|INFO|Thread-15|log| receiveObject(S) end   got Packet[CLOCK_STARTED] #45 SERVER0 @ site 1 -> SERVER0 @ site 0
260326 202745.982|INFO|Thread-16|log| receiveObject(S) start got Packet[CLOCK_STOPPED] #46 SERVER0 @ site 1 -> SERVER0 @ site 0
260326 202745.983|INFO|Thread-16|log|Packet CLOCK_STOPPED (Seq #46, o#46 ) recieveObject
260326 202745.983|INFO|Thread-16|log|  From: SERVER0 @ site 1, oSERVER0 @ site 1 (shahoda @ 127.0.1.1) (Contest Id: Default--6159007321590187439)
260326 202745.983|INFO|Thread-16|log|    To: SERVER0 @ site 0
260326 202745.984|INFO|Thread-16|log|   key: SITE_NUMBER is: java.lang.Integer 1
260326 202745.984|INFO|Thread-16|log|   key: CLIENT_ID is: edu.csus.ecs.pc2.core.model.ClientId ADMINISTRATOR1 @ site 1
260326 202745.984|INFO|Thread-16|log|handlePacket start Packet[CLOCK_STOPPED] #46 SERVER0 @ site 1 -> SERVER0 @ site 0
260326 202745.985|INFO|Thread-16|log|Packet CLOCK_STOPPED (Seq #46, o#46 ) handlePacket
260326 202745.985|INFO|Thread-16|log|  From: SERVER0 @ site 1, oSERVER0 @ site 1 (shahoda @ 127.0.1.1) (Contest Id: Default--6159007321590187439)
260326 202745.985|INFO|Thread-16|log|    To: SERVER0 @ site 0
260326 202745.985|INFO|Thread-16|log|   key: SITE_NUMBER is: java.lang.Integer 1
260326 202745.986|INFO|Thread-16|log|   key: CLIENT_ID is: edu.csus.ecs.pc2.core.model.ClientId ADMINISTRATOR1 @ site 1
260326 202745.987|INFO|Thread-16|log|Clock for site 1 stopped by ADMINISTRATOR1 @ site 1 elapsed 0:28:16
260326 202745.987|INFO|Thread-16|log| receiveObject(S) end   got Packet[CLOCK_STOPPED] #46 SERVER0 @ site 1 -> SERVER0 @ site 0
260326 202750.465|INFO|Thread-17|log| receiveObject(S) start got Packet[CLOCK_STARTED] #47 SERVER0 @ site 1 -> SERVER0 @ site 0
260326 202750.465|INFO|Thread-17|log|Packet CLOCK_STARTED (Seq #47, o#47 ) recieveObject
260326 202750.465|INFO|Thread-17|log|  From: SERVER0 @ site 1, oSERVER0 @ site 1 (shahoda @ 127.0.1.1) (Contest Id: Default--6159007321590187439)
260326 202750.466|INFO|Thread-17|log|    To: SERVER0 @ site 0
260326 202750.466|INFO|Thread-17|log|   key: SITE_NUMBER is: java.lang.Integer 1
260326 202750.466|INFO|Thread-17|log|   key: CLIENT_ID is: edu.csus.ecs.pc2.core.model.ClientId ADMINISTRATOR1 @ site 1
260326 202750.467|INFO|Thread-17|log|   key: SERVER_CLOCK_OFFSET is: java.util.GregorianCalendar java.util.GregorianCalendar[time=1774549670459,areFieldsSet=true,areAllFieldsSet=false,lenient=true,zone=sun.util.calendar.ZoneInfo[id="GMT",offset=0,dstSavings=0,useDaylight=false,transitions=0,lastRule=null],firstDayOfWeek=1,minimalDaysInFirstWeek=1,ERA=1,YEAR=2026,MONTH=2,WEEK_OF_YEAR=13,WEEK_OF_MONTH=4,DAY_OF_MONTH=26,DAY_OF_YEAR=85,DAY_OF_WEEK=5,DAY_OF_WEEK_IN_MONTH=4,AM_PM=1,HOUR=6,HOUR_OF_DAY=18,MINUTE=27,SECOND=50,MILLISECOND=459,ZONE_OFFSET=0,DST_OFFSET=0]
260326 202750.467|INFO|Thread-17|log|handlePacket start Packet[CLOCK_STARTED] #47 SERVER0 @ site 1 -> SERVER0 @ site 0
260326 202750.467|INFO|Thread-17|log|Packet CLOCK_STARTED (Seq #47, o#47 ) handlePacket
260326 202750.468|INFO|Thread-17|log|  From: SERVER0 @ site 1, oSERVER0 @ site 1 (shahoda @ 127.0.1.1) (Contest Id: Default--6159007321590187439)
260326 202750.468|INFO|Thread-17|log|    To: SERVER0 @ site 0
260326 202750.468|INFO|Thread-17|log|   key: SITE_NUMBER is: java.lang.Integer 1
260326 202750.469|INFO|Thread-17|log|   key: CLIENT_ID is: edu.csus.ecs.pc2.core.model.ClientId ADMINISTRATOR1 @ site 1
260326 202750.469|INFO|Thread-17|log|   key: SERVER_CLOCK_OFFSET is: java.util.GregorianCalendar java.util.GregorianCalendar[time=1774549670459,areFieldsSet=true,areAllFieldsSet=false,lenient=true,zone=sun.util.calendar.ZoneInfo[id="GMT",offset=0,dstSavings=0,useDaylight=false,transitions=0,lastRule=null],firstDayOfWeek=1,minimalDaysInFirstWeek=1,ERA=1,YEAR=2026,MONTH=2,WEEK_OF_YEAR=13,WEEK_OF_MONTH=4,DAY_OF_MONTH=26,DAY_OF_YEAR=85,DAY_OF_WEEK=5,DAY_OF_WEEK_IN_MONTH=4,AM_PM=1,HOUR=6,HOUR_OF_DAY=18,MINUTE=27,SECOND=50,MILLISECOND=459,ZONE_OFFSET=0,DST_OFFSET=0]
260326 202750.470|INFO|Thread-17|log|Clock for site 1 started by ADMINISTRATOR1 @ site 1 elapsed 0:28:16
260326 202750.470|INFO|Thread-17|log| receiveObject(S) end   got Packet[CLOCK_STARTED] #47 SERVER0 @ site 1 -> SERVER0 @ site 0
260326 202856.222|CONFIG|Thread-13|log|Now logging to /home/shahd/eclipse-workspace/wti1/logs directory.
260326 202856.223|INFO|Thread-13|log|
260326 202856.223|INFO|Thread-13|log|Version 9.10.0 () Java ver 11.0.30 build 7065 Linux 6.8.0-106-generic (amd64) 
260326 202856.223|INFO|Thread-13|log|Login: team1 (aka team1)
260326 202856.224|INFO|Thread-13|log|Working directory is /home/shahd/eclipse-workspace/wti1
260326 202856.224|INFO|Thread-13|log|Process id is 36351@shahoda
260326 202856.225|INFO|Thread-13|log| handlePacket original LOGIN_SUCCESS after -- all settings loaded 
260326 202856.225|INFO|Thread-13|log|handlePacket end Packet[LOGIN_SUCCESS] #51 SERVER0 @ site 1 -> TEAM1 @ site 1
260326 202856.225|INFO|Thread-13|log| receiveObject(S) end   got Packet[LOGIN_SUCCESS] #51 SERVER0 @ site 1 -> TEAM1 @ site 1
260326 202917.248|INFO|Thread-14|log| receiveObject(S) start got Packet[CLOCK_STOPPED] #53 SERVER0 @ site 1 -> SERVER0 @ site 0
260326 202917.249|INFO|Thread-14|log|Packet CLOCK_STOPPED (Seq #53, o#53 ) recieveObject
260326 202917.249|INFO|Thread-14|log|  From: SERVER0 @ site 1, oSERVER0 @ site 1 (shahoda @ 127.0.1.1) (Contest Id: Default--6159007321590187439)
260326 202917.249|INFO|Thread-14|log|    To: SERVER0 @ site 0
260326 202917.250|INFO|Thread-14|log|   key: SITE_NUMBER is: java.lang.Integer 1
260326 202917.251|INFO|Thread-14|log|   key: CLIENT_ID is: edu.csus.ecs.pc2.core.model.ClientId ADMINISTRATOR1 @ site 1
260326 202917.251|INFO|Thread-14|log|handlePacket start Packet[CLOCK_STOPPED] #53 SERVER0 @ site 1 -> SERVER0 @ site 0
260326 202917.251|INFO|Thread-14|log|Packet CLOCK_STOPPED (Seq #53, o#53 ) handlePacket
260326 202917.252|INFO|Thread-14|log|  From: SERVER0 @ site 1, oSERVER0 @ site 1 (shahoda @ 127.0.1.1) (Contest Id: Default--6159007321590187439)
260326 202917.252|INFO|Thread-14|log|    To: SERVER0 @ site 0
260326 202917.252|INFO|Thread-14|log|   key: SITE_NUMBER is: java.lang.Integer 1
260326 202917.252|INFO|Thread-14|log|   key: CLIENT_ID is: edu.csus.ecs.pc2.core.model.ClientId ADMINISTRATOR1 @ site 1
260326 202917.261|INFO|Thread-14|log|Clock for site 1 stopped by ADMINISTRATOR1 @ site 1 elapsed 0:29:42
260326 202917.262|INFO|Thread-14|log| receiveObject(S) end   got Packet[CLOCK_STOPPED] #53 SERVER0 @ site 1 -> SERVER0 @ site 0
260326 202920.693|INFO|Thread-15|log| receiveObject(S) start got Packet[CLOCK_STARTED] #54 SERVER0 @ site 1 -> SERVER0 @ site 0
260326 202920.694|INFO|Thread-15|log|Packet CLOCK_STARTED (Seq #54, o#54 ) recieveObject
260326 202920.694|INFO|Thread-15|log|  From: SERVER0 @ site 1, oSERVER0 @ site 1 (shahoda @ 127.0.1.1) (Contest Id: Default--6159007321590187439)
260326 202920.695|INFO|Thread-15|log|    To: SERVER0 @ site 0
260326 202920.695|INFO|Thread-15|log|   key: SITE_NUMBER is: java.lang.Integer 1
260326 202920.695|INFO|Thread-15|log|   key: CLIENT_ID is: edu.csus.ecs.pc2.core.model.ClientId ADMINISTRATOR1 @ site 1
260326 202920.695|INFO|Thread-15|log|   key: SERVER_CLOCK_OFFSET is: java.util.GregorianCalendar java.util.GregorianCalendar[time=1774549760686,areFieldsSet=true,areAllFieldsSet=false,lenient=true,zone=sun.util.calendar.ZoneInfo[id="GMT",offset=0,dstSavings=0,useDaylight=false,transitions=0,lastRule=null],firstDayOfWeek=1,minimalDaysInFirstWeek=1,ERA=1,YEAR=2026,MONTH=2,WEEK_OF_YEAR=13,WEEK_OF_MONTH=4,DAY_OF_MONTH=26,DAY_OF_YEAR=85,DAY_OF_WEEK=5,DAY_OF_WEEK_IN_MONTH=4,AM_PM=1,HOUR=6,HOUR_OF_DAY=18,MINUTE=29,SECOND=20,MILLISECOND=686,ZONE_OFFSET=0,DST_OFFSET=0]
260326 202920.696|INFO|Thread-15|log|handlePacket start Packet[CLOCK_STARTED] #54 SERVER0 @ site 1 -> SERVER0 @ site 0
260326 202920.696|INFO|Thread-15|log|Packet CLOCK_STARTED (Seq #54, o#54 ) handlePacket
260326 202920.696|INFO|Thread-15|log|  From: SERVER0 @ site 1, oSERVER0 @ site 1 (shahoda @ 127.0.1.1) (Contest Id: Default--6159007321590187439)
260326 202920.696|INFO|Thread-15|log|    To: SERVER0 @ site 0
260326 202920.697|INFO|Thread-15|log|   key: SITE_NUMBER is: java.lang.Integer 1
260326 202920.701|INFO|Thread-15|log|   key: CLIENT_ID is: edu.csus.ecs.pc2.core.model.ClientId ADMINISTRATOR1 @ site 1
260326 202920.702|INFO|Thread-15|log|   key: SERVER_CLOCK_OFFSET is: java.util.GregorianCalendar java.util.GregorianCalendar[time=1774549760686,areFieldsSet=true,areAllFieldsSet=false,lenient=true,zone=sun.util.calendar.ZoneInfo[id="GMT",offset=0,dstSavings=0,useDaylight=false,transitions=0,lastRule=null],firstDayOfWeek=1,minimalDaysInFirstWeek=1,ERA=1,YEAR=2026,MONTH=2,WEEK_OF_YEAR=13,WEEK_OF_MONTH=4,DAY_OF_MONTH=26,DAY_OF_YEAR=85,DAY_OF_WEEK=5,DAY_OF_WEEK_IN_MONTH=4,AM_PM=1,HOUR=6,HOUR_OF_DAY=18,MINUTE=29,SECOND=20,MILLISECOND=686,ZONE_OFFSET=0,DST_OFFSET=0]
260326 202920.706|INFO|Thread-15|log|Clock for site 1 started by ADMINISTRATOR1 @ site 1 elapsed 0:29:42
260326 202920.707|INFO|Thread-15|log| receiveObject(S) end   got Packet[CLOCK_STARTED] #54 SERVER0 @ site 1 -> SERVER0 @ site 0
260326 203018.146|INFO|Thread-16|log| receiveObject(S) start got Packet[CLOCK_STOPPED] #55 SERVER0 @ site 1 -> SERVER0 @ site 0
260326 203018.146|INFO|Thread-16|log|Packet CLOCK_STOPPED (Seq #55, o#55 ) recieveObject
260326 203018.147|INFO|Thread-16|log|  From: SERVER0 @ site 1, oSERVER0 @ site 1 (shahoda @ 127.0.1.1) (Contest Id: Default--6159007321590187439)
260326 203018.147|INFO|Thread-16|log|    To: SERVER0 @ site 0
260326 203018.147|INFO|Thread-16|log|   key: SITE_NUMBER is: java.lang.Integer 1
260326 203018.148|INFO|Thread-16|log|   key: CLIENT_ID is: edu.csus.ecs.pc2.core.model.ClientId ADMINISTRATOR1 @ site 1
260326 203018.148|INFO|Thread-16|log|handlePacket start Packet[CLOCK_STOPPED] #55 SERVER0 @ site 1 -> SERVER0 @ site 0
260326 203018.149|INFO|Thread-16|log|Packet CLOCK_STOPPED (Seq #55, o#55 ) handlePacket
260326 203018.149|INFO|Thread-16|log|  From: SERVER0 @ site 1, oSERVER0 @ site 1 (shahoda @ 127.0.1.1) (Contest Id: Default--6159007321590187439)
260326 203018.149|INFO|Thread-16|log|    To: SERVER0 @ site 0
260326 203018.150|INFO|Thread-16|log|   key: SITE_NUMBER is: java.lang.Integer 1
260326 203018.150|INFO|Thread-16|log|   key: CLIENT_ID is: edu.csus.ecs.pc2.core.model.ClientId ADMINISTRATOR1 @ site 1
260326 203018.152|INFO|Thread-16|log|Clock for site 1 stopped by ADMINISTRATOR1 @ site 1 elapsed 0:30:39
260326 203018.152|INFO|Thread-16|log| receiveObject(S) end   got Packet[CLOCK_STOPPED] #55 SERVER0 @ site 1 -> SERVER0 @ site 0
260326 203050.299|INFO|Thread-17|log| receiveObject(S) start got Packet[UPDATE_SETTING] #56 SERVER0 @ site 1 -> SERVER0 @ site 0
260326 203050.300|INFO|Thread-17|log|Packet UPDATE_SETTING (Seq #56, o#21 ) recieveObject
260326 203050.300|INFO|Thread-17|log|  From: SERVER0 @ site 1, oADMINISTRATOR1 @ site 1 (shahoda @ 127.0.1.1) (Contest Id: Default--6159007321590187439)
260326 203050.300|INFO|Thread-17|log|    To: SERVER0 @ site 0
260326 203050.301|INFO|Thread-17|log|   key: CONTEST_TIME is: edu.csus.ecs.pc2.core.model.ContestTime edu.csus.ecs.pc2.core.model.ContestTime@78602cb0
260326 203050.301|INFO|Thread-17|log|handlePacket start Packet[UPDATE_SETTING] #56 SERVER0 @ site 1 -> SERVER0 @ site 0
260326 203050.301|INFO|Thread-17|log|Packet UPDATE_SETTING (Seq #56, o#21 ) handlePacket
260326 203050.301|INFO|Thread-17|log|  From: SERVER0 @ site 1, oADMINISTRATOR1 @ site 1 (shahoda @ 127.0.1.1) (Contest Id: Default--6159007321590187439)
260326 203050.302|INFO|Thread-17|log|    To: SERVER0 @ site 0
260326 203050.302|INFO|Thread-17|log|   key: CONTEST_TIME is: edu.csus.ecs.pc2.core.model.ContestTime edu.csus.ecs.pc2.core.model.ContestTime@78602cb0
260326 203050.309|INFO|Thread-18|log| receiveObject(S) start got Packet[UPDATE_SETTING] #57 SERVER0 @ site 1 -> SERVER0 @ site 0
260326 203050.314|INFO|Thread-17|log|handlePacket end Packet[UPDATE_SETTING] #56 SERVER0 @ site 1 -> SERVER0 @ site 0
260326 203050.322|INFO|Thread-18|log|Packet UPDATE_SETTING (Seq #57, o#22 ) recieveObject
260326 203050.323|INFO|Thread-17|log| receiveObject(S) end   got Packet[UPDATE_SETTING] #56 SERVER0 @ site 1 -> SERVER0 @ site 0
260326 203050.323|INFO|Thread-18|log|  From: SERVER0 @ site 1, oADMINISTRATOR1 @ site 1 (shahoda @ 127.0.1.1) (Contest Id: Default--6159007321590187439)
260326 203050.323|INFO|Thread-18|log|    To: SERVER0 @ site 0
260326 203050.326|INFO|Thread-18|log|   key: CONTEST_INFORMATION is: edu.csus.ecs.pc2.core.model.ContestInformation edu.csus.ecs.pc2.core.model.ContestInformation@6422d2a9
260326 203050.326|INFO|Thread-18|log|handlePacket start Packet[UPDATE_SETTING] #57 SERVER0 @ site 1 -> SERVER0 @ site 0
260326 203050.326|INFO|Thread-18|log|Packet UPDATE_SETTING (Seq #57, o#22 ) handlePacket
260326 203050.326|INFO|Thread-18|log|  From: SERVER0 @ site 1, oADMINISTRATOR1 @ site 1 (shahoda @ 127.0.1.1) (Contest Id: Default--6159007321590187439)
260326 203050.327|INFO|Thread-18|log|    To: SERVER0 @ site 0
260326 203050.327|INFO|Thread-18|log|   key: CONTEST_INFORMATION is: edu.csus.ecs.pc2.core.model.ContestInformation edu.csus.ecs.pc2.core.model.ContestInformation@6422d2a9
260326 203050.330|INFO|Thread-18|log|handlePacket end Packet[UPDATE_SETTING] #57 SERVER0 @ site 1 -> SERVER0 @ site 0
260326 203050.330|INFO|Thread-18|log| receiveObject(S) end   got Packet[UPDATE_SETTING] #57 SERVER0 @ site 1 -> SERVER0 @ site 0
260326 203053.182|INFO|Thread-19|log| receiveObject(S) start got Packet[CLOCK_STARTED] #58 SERVER0 @ site 1 -> SERVER0 @ site 0
260326 203053.183|INFO|Thread-19|log|Packet CLOCK_STARTED (Seq #58, o#58 ) recieveObject
260326 203053.183|INFO|Thread-19|log|  From: SERVER0 @ site 1, oSERVER0 @ site 1 (shahoda @ 127.0.1.1) (Contest Id: Default--6159007321590187439)
260326 203053.183|INFO|Thread-19|log|    To: SERVER0 @ site 0
260326 203053.184|INFO|Thread-19|log|   key: SITE_NUMBER is: java.lang.Integer 1
260326 203053.184|INFO|Thread-19|log|   key: CLIENT_ID is: edu.csus.ecs.pc2.core.model.ClientId ADMINISTRATOR1 @ site 1
260326 203053.184|INFO|Thread-19|log|   key: SERVER_CLOCK_OFFSET is: java.util.GregorianCalendar java.util.GregorianCalendar[time=1774549853173,areFieldsSet=true,areAllFieldsSet=false,lenient=true,zone=sun.util.calendar.ZoneInfo[id="GMT",offset=0,dstSavings=0,useDaylight=false,transitions=0,lastRule=null],firstDayOfWeek=1,minimalDaysInFirstWeek=1,ERA=1,YEAR=2026,MONTH=2,WEEK_OF_YEAR=13,WEEK_OF_MONTH=4,DAY_OF_MONTH=26,DAY_OF_YEAR=85,DAY_OF_WEEK=5,DAY_OF_WEEK_IN_MONTH=4,AM_PM=1,HOUR=6,HOUR_OF_DAY=18,MINUTE=30,SECOND=53,MILLISECOND=173,ZONE_OFFSET=0,DST_OFFSET=0]
260326 203053.184|INFO|Thread-19|log|handlePacket start Packet[CLOCK_STARTED] #58 SERVER0 @ site 1 -> SERVER0 @ site 0
260326 203053.185|INFO|Thread-19|log|Packet CLOCK_STARTED (Seq #58, o#58 ) handlePacket
260326 203053.185|INFO|Thread-19|log|  From: SERVER0 @ site 1, oSERVER0 @ site 1 (shahoda @ 127.0.1.1) (Contest Id: Default--6159007321590187439)
260326 203053.185|INFO|Thread-19|log|    To: SERVER0 @ site 0
260326 203053.185|INFO|Thread-19|log|   key: SITE_NUMBER is: java.lang.Integer 1
260326 203053.185|INFO|Thread-19|log|   key: CLIENT_ID is: edu.csus.ecs.pc2.core.model.ClientId ADMINISTRATOR1 @ site 1
260326 203053.186|INFO|Thread-19|log|   key: SERVER_CLOCK_OFFSET is: java.util.GregorianCalendar java.util.GregorianCalendar[time=1774549853173,areFieldsSet=true,areAllFieldsSet=false,lenient=true,zone=sun.util.calendar.ZoneInfo[id="GMT",offset=0,dstSavings=0,useDaylight=false,transitions=0,lastRule=null],firstDayOfWeek=1,minimalDaysInFirstWeek=1,ERA=1,YEAR=2026,MONTH=2,WEEK_OF_YEAR=13,WEEK_OF_MONTH=4,DAY_OF_MONTH=26,DAY_OF_YEAR=85,DAY_OF_WEEK=5,DAY_OF_WEEK_IN_MONTH=4,AM_PM=1,HOUR=6,HOUR_OF_DAY=18,MINUTE=30,SECOND=53,MILLISECOND=173,ZONE_OFFSET=0,DST_OFFSET=0]
260326 203053.187|INFO|Thread-19|log|Clock for site 1 started by ADMINISTRATOR1 @ site 1 elapsed 0:00:00
260326 203053.187|INFO|Thread-19|log| receiveObject(S) end   got Packet[CLOCK_STARTED] #58 SERVER0 @ site 1 -> SERVER0 @ site 0
260326 203104.070|INFO|Thread-20|log| receiveObject(S) start got Packet[CLOCK_STOPPED] #59 SERVER0 @ site 1 -> SERVER0 @ site 0
260326 203104.071|INFO|Thread-20|log|Packet CLOCK_STOPPED (Seq #59, o#59 ) recieveObject
260326 203104.071|INFO|Thread-20|log|  From: SERVER0 @ site 1, oSERVER0 @ site 1 (shahoda @ 127.0.1.1) (Contest Id: Default--6159007321590187439)
260326 203104.071|INFO|Thread-20|log|    To: SERVER0 @ site 0
260326 203104.072|INFO|Thread-20|log|   key: SITE_NUMBER is: java.lang.Integer 1
260326 203104.072|INFO|Thread-20|log|   key: CLIENT_ID is: edu.csus.ecs.pc2.core.model.ClientId ADMINISTRATOR1 @ site 1
260326 203104.072|INFO|Thread-20|log|handlePacket start Packet[CLOCK_STOPPED] #59 SERVER0 @ site 1 -> SERVER0 @ site 0
260326 203104.072|INFO|Thread-20|log|Packet CLOCK_STOPPED (Seq #59, o#59 ) handlePacket
260326 203104.073|INFO|Thread-20|log|  From: SERVER0 @ site 1, oSERVER0 @ site 1 (shahoda @ 127.0.1.1) (Contest Id: Default--6159007321590187439)
260326 203104.073|INFO|Thread-20|log|    To: SERVER0 @ site 0
260326 203104.073|INFO|Thread-20|log|   key: SITE_NUMBER is: java.lang.Integer 1
260326 203104.073|INFO|Thread-20|log|   key: CLIENT_ID is: edu.csus.ecs.pc2.core.model.ClientId ADMINISTRATOR1 @ site 1
260326 203104.074|INFO|Thread-20|log|Clock for site 1 stopped by ADMINISTRATOR1 @ site 1 elapsed 0:00:10
260326 203104.075|INFO|Thread-20|log| receiveObject(S) end   got Packet[CLOCK_STOPPED] #59 SERVER0 @ site 1 -> SERVER0 @ site 0
260326 203130.083|INFO|Thread-21|log| receiveObject(S) start got Packet[UPDATE_SETTING] #60 SERVER0 @ site 1 -> SERVER0 @ site 0
260326 203130.083|INFO|Thread-21|log|Packet UPDATE_SETTING (Seq #60, o#25 ) recieveObject
260326 203130.083|INFO|Thread-21|log|  From: SERVER0 @ site 1, oADMINISTRATOR1 @ site 1 (shahoda @ 127.0.1.1) (Contest Id: Default--6159007321590187439)
260326 203130.084|INFO|Thread-21|log|    To: SERVER0 @ site 0
260326 203130.084|INFO|Thread-21|log|   key: CONTEST_TIME is: edu.csus.ecs.pc2.core.model.ContestTime edu.csus.ecs.pc2.core.model.ContestTime@34e2c707
260326 203130.084|INFO|Thread-21|log|handlePacket start Packet[UPDATE_SETTING] #60 SERVER0 @ site 1 -> SERVER0 @ site 0
260326 203130.084|INFO|Thread-21|log|Packet UPDATE_SETTING (Seq #60, o#25 ) handlePacket
260326 203130.084|INFO|Thread-21|log|  From: SERVER0 @ site 1, oADMINISTRATOR1 @ site 1 (shahoda @ 127.0.1.1) (Contest Id: Default--6159007321590187439)
260326 203130.085|INFO|Thread-21|log|    To: SERVER0 @ site 0
260326 203130.088|INFO|Thread-21|log|   key: CONTEST_TIME is: edu.csus.ecs.pc2.core.model.ContestTime edu.csus.ecs.pc2.core.model.ContestTime@34e2c707
260326 203130.090|INFO|Thread-21|log|handlePacket end Packet[UPDATE_SETTING] #60 SERVER0 @ site 1 -> SERVER0 @ site 0
260326 203130.090|INFO|Thread-21|log| receiveObject(S) end   got Packet[UPDATE_SETTING] #60 SERVER0 @ site 1 -> SERVER0 @ site 0
260326 203130.100|INFO|Thread-22|log| receiveObject(S) start got Packet[UPDATE_SETTING] #61 SERVER0 @ site 1 -> SERVER0 @ site 0
260326 203130.101|INFO|Thread-22|log|Packet UPDATE_SETTING (Seq #61, o#26 ) recieveObject
260326 203130.101|INFO|Thread-22|log|  From: SERVER0 @ site 1, oADMINISTRATOR1 @ site 1 (shahoda @ 127.0.1.1) (Contest Id: Default--6159007321590187439)
260326 203130.101|INFO|Thread-22|log|    To: SERVER0 @ site 0
260326 203130.101|INFO|Thread-22|log|   key: CONTEST_INFORMATION is: edu.csus.ecs.pc2.core.model.ContestInformation edu.csus.ecs.pc2.core.model.ContestInformation@2ff16366
260326 203130.101|INFO|Thread-22|log|handlePacket start Packet[UPDATE_SETTING] #61 SERVER0 @ site 1 -> SERVER0 @ site 0
260326 203130.102|INFO|Thread-22|log|Packet UPDATE_SETTING (Seq #61, o#26 ) handlePacket
260326 203130.102|INFO|Thread-22|log|  From: SERVER0 @ site 1, oADMINISTRATOR1 @ site 1 (shahoda @ 127.0.1.1) (Contest Id: Default--6159007321590187439)
260326 203130.102|INFO|Thread-22|log|    To: SERVER0 @ site 0
260326 203130.102|INFO|Thread-22|log|   key: CONTEST_INFORMATION is: edu.csus.ecs.pc2.core.model.ContestInformation edu.csus.ecs.pc2.core.model.ContestInformation@2ff16366
260326 203130.104|INFO|Thread-22|log|handlePacket end Packet[UPDATE_SETTING] #61 SERVER0 @ site 1 -> SERVER0 @ site 0
260326 203130.104|INFO|Thread-22|log| receiveObject(S) end   got Packet[UPDATE_SETTING] #61 SERVER0 @ site 1 -> SERVER0 @ site 0
260326 204601.443|CONFIG|Thread-13|log|Now logging to /home/shahd/eclipse-workspace/wti1/logs directory.
260326 204601.444|INFO|Thread-13|log|
260326 204601.445|INFO|Thread-13|log|Version 9.10.0 () Java ver 11.0.30 build 7065 Linux 6.8.0-106-generic (amd64) 
260326 204601.445|INFO|Thread-13|log|Login: team1 (aka team1)
260326 204601.445|INFO|Thread-13|log|Working directory is /home/shahd/eclipse-workspace/wti1
260326 204601.446|INFO|Thread-13|log|Process id is 38504@shahoda
260326 204601.446|INFO|Thread-13|log| handlePacket original LOGIN_SUCCESS after -- all settings loaded 
260326 204601.447|INFO|Thread-13|log|handlePacket end Packet[LOGIN_SUCCESS] #65 SERVER0 @ site 1 -> TEAM1 @ site 1
260326 204601.447|INFO|Thread-13|log| receiveObject(S) end   got Packet[LOGIN_SUCCESS] #65 SERVER0 @ site 1 -> TEAM1 @ site 1
260326 212756.838|INFO|Thread-14|log| receiveObject(S) start got Packet[CLOCK_STARTED] #67 SERVER0 @ site 1 -> SERVER0 @ site 0
260326 212756.839|INFO|Thread-14|log|Packet CLOCK_STARTED (Seq #67, o#67 ) recieveObject
260326 212756.839|INFO|Thread-14|log|  From: SERVER0 @ site 1, oSERVER0 @ site 1 (shahoda @ 127.0.1.1) (Contest Id: Default--6159007321590187439)
260326 212756.839|INFO|Thread-14|log|    To: SERVER0 @ site 0
260326 212756.840|INFO|Thread-14|log|   key: SITE_NUMBER is: java.lang.Integer 1
260326 212756.840|INFO|Thread-14|log|   key: CLIENT_ID is: edu.csus.ecs.pc2.core.model.ClientId ADMINISTRATOR1 @ site 1
260326 212756.840|INFO|Thread-14|log|   key: SERVER_CLOCK_OFFSET is: java.util.GregorianCalendar java.util.GregorianCalendar[time=1774553276831,areFieldsSet=true,areAllFieldsSet=false,lenient=true,zone=sun.util.calendar.ZoneInfo[id="GMT",offset=0,dstSavings=0,useDaylight=false,transitions=0,lastRule=null],firstDayOfWeek=1,minimalDaysInFirstWeek=1,ERA=1,YEAR=2026,MONTH=2,WEEK_OF_YEAR=13,WEEK_OF_MONTH=4,DAY_OF_MONTH=26,DAY_OF_YEAR=85,DAY_OF_WEEK=5,DAY_OF_WEEK_IN_MONTH=4,AM_PM=1,HOUR=7,HOUR_OF_DAY=19,MINUTE=27,SECOND=56,MILLISECOND=831,ZONE_OFFSET=0,DST_OFFSET=0]
260326 212756.841|INFO|Thread-14|log|handlePacket start Packet[CLOCK_STARTED] #67 SERVER0 @ site 1 -> SERVER0 @ site 0
260326 212756.841|INFO|Thread-14|log|Packet CLOCK_STARTED (Seq #67, o#67 ) handlePacket
260326 212756.841|INFO|Thread-14|log|  From: SERVER0 @ site 1, oSERVER0 @ site 1 (shahoda @ 127.0.1.1) (Contest Id: Default--6159007321590187439)
260326 212756.842|INFO|Thread-14|log|    To: SERVER0 @ site 0
260326 212756.842|INFO|Thread-14|log|   key: SITE_NUMBER is: java.lang.Integer 1
260326 212756.842|INFO|Thread-14|log|   key: CLIENT_ID is: edu.csus.ecs.pc2.core.model.ClientId ADMINISTRATOR1 @ site 1
260326 212756.843|INFO|Thread-14|log|   key: SERVER_CLOCK_OFFSET is: java.util.GregorianCalendar java.util.GregorianCalendar[time=1774553276831,areFieldsSet=true,areAllFieldsSet=false,lenient=true,zone=sun.util.calendar.ZoneInfo[id="GMT",offset=0,dstSavings=0,useDaylight=false,transitions=0,lastRule=null],firstDayOfWeek=1,minimalDaysInFirstWeek=1,ERA=1,YEAR=2026,MONTH=2,WEEK_OF_YEAR=13,WEEK_OF_MONTH=4,DAY_OF_MONTH=26,DAY_OF_YEAR=85,DAY_OF_WEEK=5,DAY_OF_WEEK_IN_MONTH=4,AM_PM=1,HOUR=7,HOUR_OF_DAY=19,MINUTE=27,SECOND=56,MILLISECOND=831,ZONE_OFFSET=0,DST_OFFSET=0]
260326 212756.850|INFO|Thread-14|log|Clock for site 1 started by ADMINISTRATOR1 @ site 1 elapsed 0:00:00
260326 212756.851|INFO|Thread-14|log| receiveObject(S) end   got Packet[CLOCK_STARTED] #67 SERVER0 @ site 1 -> SERVER0 @ site 0
260326 212819.483|INFO|Thread-15|log| receiveObject(S) start got Packet[CLOCK_STOPPED] #68 SERVER0 @ site 1 -> SERVER0 @ site 0
260326 212819.484|INFO|Thread-15|log|Packet CLOCK_STOPPED (Seq #68, o#68 ) recieveObject
260326 212819.484|INFO|Thread-15|log|  From: SERVER0 @ site 1, oSERVER0 @ site 1 (shahoda @ 127.0.1.1) (Contest Id: Default--6159007321590187439)
260326 212819.484|INFO|Thread-15|log|    To: SERVER0 @ site 0
260326 212819.484|INFO|Thread-15|log|   key: SITE_NUMBER is: java.lang.Integer 1
260326 212819.485|INFO|Thread-15|log|   key: CLIENT_ID is: edu.csus.ecs.pc2.core.model.ClientId ADMINISTRATOR1 @ site 1
260326 212819.485|INFO|Thread-15|log|handlePacket start Packet[CLOCK_STOPPED] #68 SERVER0 @ site 1 -> SERVER0 @ site 0
260326 212819.485|INFO|Thread-15|log|Packet CLOCK_STOPPED (Seq #68, o#68 ) handlePacket
260326 212819.485|INFO|Thread-15|log|  From: SERVER0 @ site 1, oSERVER0 @ site 1 (shahoda @ 127.0.1.1) (Contest Id: Default--6159007321590187439)
260326 212819.486|INFO|Thread-15|log|    To: SERVER0 @ site 0
260326 212819.486|INFO|Thread-15|log|   key: SITE_NUMBER is: java.lang.Integer 1
260326 212819.486|INFO|Thread-15|log|   key: CLIENT_ID is: edu.csus.ecs.pc2.core.model.ClientId ADMINISTRATOR1 @ site 1
260326 212819.487|INFO|Thread-15|log|Clock for site 1 stopped by ADMINISTRATOR1 @ site 1 elapsed 0:00:22
260326 212819.488|INFO|Thread-15|log| receiveObject(S) end   got Packet[CLOCK_STOPPED] #68 SERVER0 @ site 1 -> SERVER0 @ site 0
260327 042254.212|CONFIG|Thread-13|log|Now logging to /home/shahd/eclipse-workspace/wti1/logs directory.
260327 042254.213|INFO|Thread-13|log|
260327 042254.213|INFO|Thread-13|log|Version 9.10.0 () Java ver 11.0.30 build 7065 Linux 6.8.0-106-generic (amd64) 
260327 042254.214|INFO|Thread-13|log|Login: team1 (aka team1)
260327 042254.214|INFO|Thread-13|log|Working directory is /home/shahd/eclipse-workspace/wti1
260327 042254.214|INFO|Thread-13|log|Process id is 7568@shahoda
260327 042254.215|INFO|Thread-13|log| handlePacket original LOGIN_SUCCESS after -- all settings loaded 
260327 042254.215|INFO|Thread-13|log|handlePacket end Packet[LOGIN_SUCCESS] #5 SERVER0 @ site 1 -> TEAM1 @ site 1
260327 042254.216|INFO|Thread-13|log| receiveObject(S) end   got Packet[LOGIN_SUCCESS] #5 SERVER0 @ site 1 -> TEAM1 @ site 1
260327 042924.704|CONFIG|Thread-13|log|Now logging to /home/shahd/eclipse-workspace/wti1/logs directory.
260327 042924.704|INFO|Thread-13|log|
260327 042924.705|INFO|Thread-13|log|Version 9.10.0 () Java ver 11.0.30 build 7065 Linux 6.8.0-106-generic (amd64) 
260327 042924.705|INFO|Thread-13|log|Login: team1 (aka team1)
260327 042924.705|INFO|Thread-13|log|Working directory is /home/shahd/eclipse-workspace/wti1
260327 042924.706|INFO|Thread-13|log|Process id is 8302@shahoda
260327 042924.706|INFO|Thread-13|log| handlePacket original LOGIN_SUCCESS after -- all settings loaded 
260327 042924.707|INFO|Thread-13|log|handlePacket end Packet[LOGIN_SUCCESS] #16 SERVER0 @ site 1 -> TEAM1 @ site 1
260327 042924.707|INFO|Thread-13|log| receiveObject(S) end   got Packet[LOGIN_SUCCESS] #16 SERVER0 @ site 1 -> TEAM1 @ site 1
